customer_id,age,tenure_months,monthly_recharge,data_usage_gb,num_complaints,plan_type,region,avg_call_drops,churned
1,19,66,858.29,7.82,0,prepaid,south,4,0
2,47,38,504.74,46.86,4,prepaid,north,11,1
3,45,82,685.22,27.99,7,prepaid,north,9,0
4,36,76,369.37,53.46,1,prepaid,north,7,0
5,18,65,340.26,49.43,3,postpaid,north,0,0
6,43,60,420.76,51.29,5,prepaid,south,7,0
7,43,57,365.48,21.78,5,prepaid,south,13,1
8,18,65,497.53,29.2,0,prepaid,east,10,0
9,40,38,287.17,30.82,0,postpaid,east,7,1
10,54,0,639.86,27.33,1,prepaid,south,14,1
11,62,18,941.53,22.18,7,postpaid,east,2,1
12,48,45,664.0,3.64,7,prepaid,west,5,1
13,57,79,830.36,6.29,2,postpaid,west,1,0
14,21,20,239.04,31.88,0,prepaid,north,1,0
15,61,36,494.59,18.75,4,prepaid,east,1,0
16,56,49,544.35,50.49,7,prepaid,west,6,0
17,67,39,322.51,58.23,0,postpaid,east,12,0
18,69,35,953.6,38.1,5,prepaid,north,2,0
19,43,4,798.6,18.03,7,prepaid,north,0,1
20,59,79,438.36,17.86,0,postpaid,east,6,0
21,53,66,512.13,50.27,6,postpaid,east,12,1
22,58,5,209.92,47.25,2,postpaid,south,12,1
23,55,8,343.87,50.71,1,prepaid,north,5,0
24,27,77,818.91,55.75,2,prepaid,north,13,0
25,23,28,273.42,50.09,1,prepaid,south,13,1
26,46,81,376.63,6.6,3,prepaid,north,2,0
27,48,44,390.12,42.83,2,prepaid,east,10,0
28,60,74,891.29,16.8,0,prepaid,south,4,0
29,40,20,272.7,32.87,1,prepaid,west,4,0
30,66,13,684.11,31.21,3,prepaid,east,9,1
31,18,27,666.1,37.16,7,prepaid,east,0,1
32,62,3,191.61,53.26,0,prepaid,east,0,0
33,28,81,857.13,15.09,5,postpaid,south,6,0
34,23,74,798.18,2.97,3,prepaid,east,9,0
35,32,81,806.6,6.5,6,prepaid,south,11,1
36,62,3,603.02,32.49,2,prepaid,south,5,1
37,26,51,412.71,11.1,4,prepaid,east,0,0
38,37,63,218.26,56.05,3,postpaid,south,10,1
39,53,73,777.18,20.18,2,postpaid,south,13,1
40,30,12,720.43,53.55,0,prepaid,west,6,0
41,53,16,903.07,13.65,3,prepaid,south,10,1
42,50,29,616.13,5.45,1,postpaid,east,7,1
43,20,36,715.08,21.74,5,prepaid,east,2,0
44,65,2,600.2,30.81,5,postpaid,north,14,1
45,60,48,174.7,47.69,4,postpaid,west,0,0
46,26,40,346.85,32.86,5,prepaid,south,8,1
47,60,34,602.2,30.34,1,prepaid,east,0,0
48,32,23,117.64,0.61,4,prepaid,east,11,1
49,30,51,514.82,53.92,6,prepaid,east,5,0
50,32,17,580.13,54.15,6,prepaid,north,9,1
51,23,20,712.17,56.73,2,prepaid,east,5,1
52,62,34,811.28,48.33,3,prepaid,east,11,0
53,22,83,513.09,32.86,7,postpaid,south,13,0
54,62,82,703.05,7.64,0,postpaid,north,13,0
55,46,70,199.16,17.22,5,postpaid,west,5,1
56,53,2,925.51,57.81,2,prepaid,east,12,1
57,49,70,108.04,27.66,7,prepaid,south,8,1
58,63,40,904.67,1.08,7,prepaid,north,2,0
59,69,66,899.72,22.47,2,prepaid,east,2,0
60,51,39,990.43,17.34,7,postpaid,north,7,1
61,47,35,612.75,59.03,6,postpaid,east,11,1
62,61,26,268.39,35.15,2,postpaid,north,2,1
63,24,18,962.47,51.01,6,prepaid,south,9,0
64,58,70,244.36,21.99,3,postpaid,west,0,1
65,63,21,457.11,46.28,5,postpaid,south,6,1
66,52,72,928.08,48.42,4,prepaid,east,5,0
67,52,83,394.86,49.19,5,prepaid,east,9,1
68,60,27,734.15,35.25,7,prepaid,north,12,1
69,58,26,188.16,6.54,3,prepaid,east,4,1
70,27,23,968.31,50.23,2,postpaid,east,3,1
71,33,21,683.16,37.79,1,prepaid,south,1,0
72,47,8,709.44,27.48,3,prepaid,east,3,0
73,60,51,355.5,49.19,1,prepaid,north,0,0
74,66,81,594.89,29.76,7,postpaid,east,11,1
75,47,38,406.06,36.69,5,postpaid,west,7,1
76,22,50,993.16,11.43,3,prepaid,east,2,0
77,24,82,563.88,2.39,7,prepaid,north,0,1
78,56,76,220.07,12.09,1,postpaid,west,7,0
79,31,63,106.39,9.26,3,prepaid,west,1,0
80,39,0,898.47,5.34,6,prepaid,west,4,1
81,21,34,304.63,41.5,3,prepaid,north,14,1
82,57,4,428.01,6.94,7,postpaid,west,5,1
83,66,67,669.05,14.59,2,prepaid,north,1,0
84,58,47,415.72,5.47,7,prepaid,north,11,1
85,32,0,251.07,19.03,0,postpaid,north,1,1
86,28,28,251.51,17.45,4,prepaid,west,10,0
87,25,23,622.91,58.55,5,prepaid,west,7,1
88,28,71,106.91,32.6,1,prepaid,east,14,0
89,30,10,544.44,11.65,6,prepaid,west,11,1
90,30,61,921.4,55.13,6,prepaid,west,11,0
91,30,58,533.92,16.15,5,postpaid,west,7,1
92,39,3,981.67,53.41,1,postpaid,north,2,0
93,23,13,889.53,12.28,6,prepaid,north,7,1
94,18,39,251.28,22.31,0,prepaid,north,7,0
95,63,10,675.38,26.51,7,postpaid,north,8,1
96,26,16,737.75,1.4,3,prepaid,east,13,1
97,18,73,124.33,14.4,6,postpaid,east,5,1
98,59,23,930.63,24.12,2,prepaid,north,12,0
99,59,2,128.87,32.53,3,postpaid,south,9,1
100,38,78,681.82,0.83,0,prepaid,south,7,0
101,60,0,727.5,11.84,6,prepaid,west,14,1
102,61,70,698.13,42.16,7,prepaid,west,0,0
103,47,56,489.9,43.93,1,prepaid,north,4,0
104,21,34,828.74,43.72,1,prepaid,north,10,0
105,58,12,925.41,36.67,2,prepaid,east,1,0
106,60,12,171.37,52.0,5,prepaid,north,14,1
107,30,15,964.65,7.46,6,prepaid,east,14,1
108,65,11,559.91,15.01,5,postpaid,west,4,1
109,27,19,708.16,38.48,7,postpaid,north,6,1
110,44,0,673.49,1.69,6,prepaid,south,2,1
111,46,57,169.59,43.26,6,prepaid,south,12,1
112,59,41,601.52,5.14,3,prepaid,north,6,0
113,24,81,831.04,32.38,2,prepaid,north,3,0
114,38,65,666.37,37.86,3,postpaid,north,7,0
115,26,16,298.61,52.16,5,prepaid,east,6,1
116,18,9,516.52,34.91,4,postpaid,south,6,1
117,42,49,646.42,15.97,0,prepaid,east,3,0
118,53,15,182.52,18.15,5,prepaid,north,5,1
119,31,77,106.39,12.98,2,prepaid,east,0,0
120,43,22,989.09,5.44,6,prepaid,north,7,1
121,44,66,251.5,33.4,3,prepaid,west,3,0
122,42,2,528.96,31.58,5,prepaid,east,3,1
123,37,3,855.67,16.86,6,postpaid,north,10,1
124,69,23,778.98,14.59,3,prepaid,west,6,1
125,49,61,328.97,54.22,4,postpaid,south,6,0
126,60,10,513.27,56.37,2,prepaid,north,9,1
127,59,38,796.89,52.87,4,prepaid,north,9,0
128,26,9,766.79,9.6,0,prepaid,north,7,1
129,52,43,469.96,45.26,1,prepaid,west,13,0
130,39,46,571.69,39.72,0,postpaid,north,14,0
131,40,26,895.17,36.33,6,prepaid,south,10,0
132,59,71,413.48,9.15,4,prepaid,east,11,0
133,34,2,693.9,54.0,4,prepaid,north,14,1
134,69,12,997.55,15.69,6,postpaid,east,3,1
135,18,24,270.62,17.89,4,postpaid,south,6,1
136,51,37,964.48,15.79,6,postpaid,north,3,1
137,37,8,739.75,56.99,2,prepaid,north,6,0
138,23,35,802.43,11.73,1,prepaid,west,2,0
139,30,47,576.84,24.23,3,prepaid,west,4,0
140,60,41,306.32,20.33,4,prepaid,north,9,1
141,21,69,956.73,34.52,5,prepaid,west,8,0
142,42,41,671.8,2.9,6,prepaid,east,0,0
143,18,41,238.43,59.51,3,postpaid,north,7,1
144,24,51,194.94,2.01,7,prepaid,south,12,1
145,57,36,298.68,29.81,1,postpaid,south,10,1
146,49,43,731.64,20.86,4,prepaid,east,7,0
147,67,69,399.3,59.99,1,prepaid,north,2,0
148,68,8,153.74,44.32,4,prepaid,west,9,1
149,47,30,977.93,30.11,4,prepaid,east,11,1
150,60,2,356.15,15.42,6,prepaid,east,6,1
151,54,10,326.25,4.35,6,prepaid,north,1,1
152,25,14,914.78,45.5,3,prepaid,east,10,0
153,22,71,139.26,34.32,6,prepaid,east,2,0
154,18,54,534.89,3.93,3,postpaid,south,1,0
155,56,64,294.94,49.66,4,postpaid,west,12,1
156,59,20,353.71,34.1,3,postpaid,east,13,1
157,29,73,716.67,37.59,1,postpaid,east,8,0
158,34,74,447.55,22.4,6,postpaid,south,14,0
159,36,65,368.17,31.44,7,prepaid,south,2,0
160,52,13,414.34,21.56,4,prepaid,west,9,1
161,34,69,500.4,42.45,7,postpaid,north,10,1
162,34,33,684.44,29.81,7,prepaid,north,14,1
163,55,25,240.97,59.33,4,postpaid,north,11,1
164,45,46,780.02,1.26,2,prepaid,south,0,0
165,54,67,665.66,12.67,1,postpaid,north,8,0
166,52,6,582.79,43.9,1,prepaid,east,9,1
167,26,13,276.6,12.69,0,prepaid,west,12,1
168,27,45,675.83,8.01,0,prepaid,east,4,0
169,62,6,745.29,46.31,3,prepaid,north,11,1
170,62,49,233.56,37.85,5,prepaid,east,12,1
171,36,62,392.07,56.01,3,prepaid,south,12,0
172,35,61,164.08,26.84,0,prepaid,east,8,0
173,38,39,647.58,10.01,5,postpaid,north,5,0
174,20,67,216.76,58.97,7,prepaid,east,1,0
175,46,43,630.82,18.94,4,postpaid,south,3,0
176,61,18,715.57,51.59,2,prepaid,west,10,0
177,39,49,287.44,14.58,2,prepaid,east,14,1
178,22,9,787.67,50.86,0,prepaid,south,2,0
179,35,34,256.26,10.58,3,prepaid,north,7,0
180,22,22,904.94,22.73,3,postpaid,south,14,1
181,19,14,444.19,59.63,0,prepaid,west,14,0
182,27,49,991.36,32.17,3,prepaid,east,12,0
183,32,62,333.94,59.33,6,prepaid,east,12,0
184,45,75,893.84,53.34,7,prepaid,east,11,0
185,40,13,793.44,18.2,1,prepaid,west,2,0
186,66,27,956.99,22.43,3,prepaid,south,9,1
187,48,42,938.96,55.47,3,postpaid,west,2,0
188,30,71,458.54,53.92,2,prepaid,east,12,0
189,48,6,540.35,37.82,1,prepaid,north,13,0
190,27,79,808.45,59.72,3,postpaid,north,7,0
191,45,1,438.45,52.79,4,postpaid,east,0,1
192,25,13,710.17,31.69,7,postpaid,west,3,1
193,43,44,467.99,46.41,1,postpaid,south,6,0
194,20,4,181.33,28.37,3,prepaid,north,3,1
195,45,79,907.6,5.82,7,prepaid,north,6,1
196,48,64,194.75,58.92,6,prepaid,west,0,0
197,20,40,351.28,37.86,0,prepaid,east,14,0
198,65,5,920.03,41.81,3,postpaid,south,13,1
199,53,25,932.69,58.11,5,prepaid,east,14,1
200,54,40,377.22,45.67,1,prepaid,north,12,0
201,18,46,707.35,4.08,5,prepaid,north,12,1
202,58,67,216.18,13.21,1,prepaid,north,11,1
203,65,34,677.02,59.14,4,prepaid,east,8,0
204,47,21,293.35,47.59,0,prepaid,north,14,1
205,27,81,548.28,2.81,3,prepaid,east,14,0
206,66,49,912.35,17.46,6,prepaid,south,13,0
207,46,39,918.22,41.77,4,postpaid,east,11,1
208,29,0,116.0,3.31,5,prepaid,north,5,1
209,64,20,720.51,59.83,6,prepaid,north,9,0
210,28,16,757.0,47.81,1,postpaid,west,9,1
211,54,75,135.05,3.82,6,postpaid,north,5,1
212,27,9,526.21,10.58,7,postpaid,west,8,1
213,61,45,614.35,46.74,5,postpaid,south,6,1
214,18,24,753.7,24.08,6,postpaid,west,12,1
215,40,4,105.08,41.87,0,prepaid,north,7,1
216,37,68,255.26,12.19,0,prepaid,south,12,0
217,61,33,380.49,28.96,2,postpaid,north,13,1
218,41,22,840.21,12.96,2,postpaid,north,6,0
219,51,23,361.57,16.72,7,prepaid,west,12,1
220,38,72,862.09,18.52,7,prepaid,south,2,1
221,42,25,908.9,10.86,0,prepaid,north,0,0
222,30,72,658.65,30.9,1,prepaid,north,14,0
223,36,32,147.22,23.02,6,prepaid,north,14,1
224,38,70,648.04,30.5,3,postpaid,west,10,0
225,49,21,814.07,57.36,0,prepaid,south,7,1
226,52,68,985.44,16.91,7,postpaid,north,0,0
227,18,51,469.89,50.8,0,prepaid,north,6,0
228,21,11,972.97,37.57,0,prepaid,west,13,0
229,50,63,876.21,29.92,0,prepaid,south,4,0
230,20,26,839.94,16.01,7,postpaid,east,8,1
231,47,36,378.23,18.69,6,prepaid,west,2,1
232,36,16,245.19,30.83,4,prepaid,north,2,1
233,22,28,661.41,8.34,0,postpaid,east,14,1
234,49,22,911.18,9.24,5,prepaid,north,10,1
235,31,27,444.46,42.5,2,prepaid,east,6,0
236,65,55,410.64,36.12,6,prepaid,west,10,1
237,62,11,847.06,10.99,2,postpaid,east,3,1
238,57,81,361.33,39.21,7,prepaid,north,6,0
239,19,31,817.87,27.47,1,prepaid,west,7,0
240,21,68,103.69,1.73,3,prepaid,east,6,1
241,65,80,932.18,51.0,7,postpaid,south,10,0
242,31,79,346.93,47.96,5,postpaid,east,11,1
243,57,61,323.74,29.11,7,prepaid,east,7,1
244,43,34,510.31,16.21,3,prepaid,west,5,1
245,44,80,431.62,55.83,3,prepaid,north,12,0
246,21,13,774.85,43.68,2,prepaid,east,11,0
247,37,75,859.55,51.71,2,prepaid,south,1,0
248,19,38,660.16,57.92,5,prepaid,south,9,0
249,21,8,728.7,18.97,4,postpaid,south,1,1
250,26,37,535.09,34.53,2,prepaid,west,6,1
251,19,72,871.4,28.29,6,prepaid,north,4,0
252,68,17,993.18,3.97,7,postpaid,north,14,1
253,62,37,452.51,53.44,7,prepaid,north,9,1
254,59,71,132.39,4.64,7,prepaid,west,2,0
255,67,24,847.58,1.86,7,prepaid,west,13,1
256,54,75,687.98,15.94,5,prepaid,east,11,1
257,43,68,574.23,30.02,3,prepaid,east,12,0
258,49,43,502.43,23.56,0,postpaid,west,6,0
259,60,56,405.84,4.43,0,prepaid,south,11,0
260,51,64,233.08,40.65,4,prepaid,east,4,0
261,37,7,209.0,24.52,1,postpaid,east,10,1
262,30,51,603.41,42.21,4,prepaid,east,4,0
263,57,50,712.56,32.72,1,postpaid,west,8,0
264,36,9,512.79,37.93,4,postpaid,south,9,1
265,63,51,962.03,1.94,5,prepaid,north,9,1
266,36,68,987.98,12.94,4,postpaid,east,4,0
267,68,8,428.14,12.63,1,prepaid,north,2,1
268,29,29,194.93,33.14,1,postpaid,south,11,0
269,67,41,647.22,16.77,6,prepaid,north,6,1
270,25,58,381.15,24.66,5,postpaid,west,1,0
271,51,69,719.16,38.45,1,postpaid,east,7,0
272,41,42,953.41,56.19,1,prepaid,east,6,0
273,62,10,888.52,46.24,6,prepaid,north,10,1
274,68,63,894.25,1.52,7,postpaid,north,0,0
275,45,59,224.37,17.39,2,prepaid,north,8,1
276,44,29,899.02,3.02,6,prepaid,south,0,0
277,43,62,115.61,15.74,3,postpaid,south,6,0
278,27,28,188.25,8.8,2,postpaid,north,1,0
279,68,35,221.6,21.05,6,prepaid,east,2,1
280,54,72,333.28,6.31,6,postpaid,north,3,1
281,49,12,503.3,44.96,5,prepaid,west,10,0
282,22,60,235.61,4.76,3,prepaid,south,12,1
283,20,35,729.11,31.75,5,postpaid,west,4,1
284,62,15,441.63,13.51,1,postpaid,east,6,1
285,56,50,671.67,21.3,3,postpaid,south,6,0
286,44,17,185.96,22.07,6,prepaid,east,0,1
287,26,52,308.08,5.41,2,postpaid,west,1,0
288,33,64,143.02,20.72,3,postpaid,east,11,1
289,54,70,561.88,6.34,5,prepaid,west,0,0
290,21,43,444.48,30.73,0,prepaid,west,1,0
291,42,9,301.42,40.74,2,postpaid,west,6,1
292,39,16,134.57,50.89,1,prepaid,west,8,1
293,51,43,828.52,29.21,6,postpaid,east,3,1
294,37,30,481.37,52.73,0,prepaid,east,10,0
295,42,28,618.0,39.6,6,postpaid,north,14,1
296,30,49,305.22,1.08,0,prepaid,north,8,0
297,42,71,381.05,17.03,1,prepaid,south,0,0
298,18,28,605.18,15.62,2,prepaid,north,0,0
299,52,15,463.83,37.12,3,postpaid,south,3,0
300,64,76,128.79,25.7,1,postpaid,north,1,0
301,33,78,856.06,55.81,3,prepaid,east,6,0
302,50,79,599.88,41.85,6,prepaid,north,6,0
303,32,66,756.43,31.38,6,postpaid,north,0,0
304,42,72,514.18,29.76,0,prepaid,east,1,0
305,48,38,172.55,29.86,3,postpaid,south,2,0
306,35,59,471.55,1.44,6,prepaid,west,14,1
307,48,45,828.84,14.03,5,postpaid,east,14,1
308,31,77,711.39,26.35,1,prepaid,south,8,0
309,68,18,378.74,31.79,1,prepaid,north,8,1
310,56,78,456.51,42.62,4,postpaid,south,4,1
311,61,35,119.98,1.31,3,prepaid,west,7,0
312,50,78,525.28,47.75,6,postpaid,south,5,1
313,60,51,630.8,23.41,4,prepaid,north,10,1
314,33,46,613.87,50.11,0,postpaid,south,4,0
315,51,27,577.59,52.4,5,prepaid,east,0,0
316,31,77,408.71,14.93,4,prepaid,south,10,1
317,35,68,333.28,39.38,5,prepaid,south,4,0
318,27,65,716.2,27.31,6,prepaid,north,13,1
319,20,7,100.46,43.24,5,postpaid,north,11,1
320,36,31,901.62,56.62,0,postpaid,east,6,0
321,35,23,579.95,52.26,2,prepaid,west,12,1
322,64,75,623.99,26.93,6,prepaid,north,1,1
323,22,81,112.08,32.13,0,postpaid,north,14,0
324,65,45,454.54,37.84,7,prepaid,north,8,0
325,48,44,251.74,9.34,5,postpaid,south,2,1
326,57,64,430.68,7.42,4,postpaid,west,6,1
327,47,64,876.82,11.83,4,prepaid,north,0,0
328,69,21,839.01,47.72,1,prepaid,west,12,1
329,55,55,109.56,38.22,1,prepaid,west,6,0
330,51,20,898.99,11.67,5,prepaid,east,1,1
331,23,82,302.97,35.39,4,prepaid,south,6,0
332,56,38,925.68,20.4,0,prepaid,south,14,1
333,26,8,402.08,58.26,2,postpaid,east,0,1
334,43,33,796.23,58.35,5,prepaid,south,12,1
335,22,3,906.04,46.71,0,prepaid,south,7,0
336,33,71,319.92,38.39,4,postpaid,east,10,0
337,46,69,281.95,25.5,2,prepaid,south,11,0
338,54,16,325.4,16.68,0,postpaid,north,7,1
339,50,75,819.32,0.53,6,prepaid,north,7,0
340,44,12,172.82,58.76,6,prepaid,east,2,1
341,58,8,246.38,36.95,5,postpaid,west,6,1
342,23,80,834.49,1.05,5,prepaid,west,3,0
343,40,48,521.24,25.21,2,prepaid,south,3,0
344,39,51,669.19,58.21,5,postpaid,north,13,0
345,53,0,885.27,2.1,1,postpaid,west,6,1
346,63,10,368.53,7.13,1,postpaid,west,9,1
347,45,53,433.95,24.69,3,prepaid,west,3,1
348,45,80,990.49,2.37,6,prepaid,south,3,0
349,59,52,895.81,50.64,7,prepaid,west,8,0
350,56,41,356.24,2.82,0,prepaid,north,7,0
351,21,51,847.19,17.42,1,prepaid,north,1,0
352,23,83,319.92,8.54,6,postpaid,south,5,1
353,48,5,586.7,2.42,4,postpaid,north,13,1
354,27,48,170.87,23.36,0,prepaid,east,3,0
355,39,34,723.37,41.48,6,postpaid,south,0,1
356,41,43,806.67,56.36,3,postpaid,north,13,1
357,63,65,426.46,6.34,1,postpaid,east,4,0
358,25,51,161.92,51.27,7,prepaid,north,13,1
359,34,26,550.14,53.18,2,postpaid,west,11,1
360,20,23,385.44,18.21,4,prepaid,east,3,1
361,62,31,914.88,7.64,7,postpaid,south,1,1
362,28,76,952.9,26.63,3,prepaid,north,6,0
363,69,51,965.67,47.15,7,prepaid,east,9,0
364,51,39,177.76,12.38,7,prepaid,east,11,1
365,33,64,855.62,3.31,3,prepaid,south,8,0
366,63,34,658.6,34.25,5,prepaid,south,2,0
367,23,50,247.41,17.55,0,postpaid,south,13,1
368,43,38,960.18,7.03,2,prepaid,north,9,1
369,68,81,398.41,26.28,3,prepaid,south,9,0
370,69,46,259.59,16.66,6,postpaid,north,5,1
371,52,11,438.39,50.48,1,prepaid,south,7,0
372,44,68,396.51,48.59,1,prepaid,north,8,0
373,62,34,247.4,3.86,3,prepaid,north,4,1
374,53,49,768.16,53.38,0,prepaid,east,7,0
375,57,9,737.12,20.63,2,prepaid,east,4,0
376,31,70,830.94,38.4,2,prepaid,north,6,0
377,56,82,282.31,46.54,7,prepaid,west,10,1
378,54,57,278.79,24.11,2,prepaid,south,9,0
379,43,67,858.2,22.97,4,prepaid,west,2,0
380,44,50,966.12,18.44,1,postpaid,east,9,0
381,28,61,260.76,31.43,4,postpaid,west,4,0
382,24,38,128.58,33.01,6,prepaid,north,6,1
383,54,11,713.23,14.68,0,postpaid,west,5,1
384,19,83,729.75,12.17,1,postpaid,south,0,0
385,24,63,345.63,6.39,2,prepaid,south,0,0
386,51,36,889.86,59.91,0,prepaid,south,3,0
387,28,7,150.29,5.49,7,postpaid,south,2,1
388,22,81,138.6,14.83,7,postpaid,south,5,1
389,49,68,279.78,17.56,1,prepaid,east,6,0
390,41,41,752.51,15.8,7,postpaid,east,5,1
391,30,76,454.28,35.82,0,postpaid,north,3,0
392,23,24,861.77,39.59,6,prepaid,west,11,1
393,28,12,838.63,2.02,5,postpaid,west,8,1
394,21,0,654.6,15.75,1,prepaid,east,14,1
395,22,31,231.33,31.07,7,postpaid,north,1,1
396,40,54,177.8,50.63,3,prepaid,south,2,0
397,21,23,617.57,7.8,6,prepaid,east,9,1
398,59,13,749.66,14.21,0,postpaid,south,1,1
399,60,35,337.7,21.73,7,prepaid,south,7,1
400,62,56,975.4,48.59,5,prepaid,south,4,0
401,22,63,330.1,18.52,0,postpaid,south,13,0
402,58,66,344.07,8.23,0,postpaid,west,4,0
403,54,72,751.3,29.45,5,postpaid,north,6,0
404,33,60,309.77,5.49,6,prepaid,north,3,1
405,56,21,579.46,5.68,3,prepaid,south,7,1
406,35,19,916.24,13.15,5,postpaid,west,12,1
407,47,69,211.97,19.1,6,prepaid,west,14,1
408,27,58,686.36,52.04,4,prepaid,north,5,0
409,27,65,662.86,41.2,5,postpaid,north,9,1
410,45,7,747.49,49.93,2,postpaid,north,5,1
411,28,47,213.57,14.63,6,postpaid,north,4,1
412,37,56,463.72,21.25,5,prepaid,west,5,1
413,66,74,253.81,17.96,7,prepaid,north,6,0
414,66,39,662.86,49.23,1,postpaid,north,14,1
415,61,76,778.7,58.55,5,postpaid,west,5,0
416,36,78,242.06,52.38,5,prepaid,north,2,0
417,52,76,259.22,24.38,3,prepaid,west,10,0
418,19,25,967.27,57.56,4,prepaid,east,1,0
419,56,33,884.35,36.18,7,prepaid,east,11,1
420,48,50,708.26,25.5,0,postpaid,west,7,0
421,33,42,857.64,40.27,5,postpaid,east,4,1
422,49,40,321.11,29.8,6,prepaid,north,4,0
423,67,74,768.3,18.69,0,prepaid,north,1,0
424,38,0,429.85,25.27,7,prepaid,east,14,1
425,62,33,258.7,41.47,7,prepaid,east,8,1
426,37,33,699.82,28.06,1,prepaid,north,13,0
427,31,44,192.04,35.89,1,prepaid,west,10,0
428,18,43,472.58,28.4,6,postpaid,east,0,1
429,67,46,601.13,13.99,7,postpaid,north,1,1
430,62,41,790.34,55.53,2,prepaid,south,10,0
431,55,50,357.34,3.89,5,prepaid,west,8,1
432,55,78,561.42,56.32,3,postpaid,east,8,0
433,66,64,122.98,44.89,2,prepaid,north,0,0
434,22,75,971.62,43.89,5,prepaid,north,12,0
435,39,67,349.69,39.98,3,prepaid,east,2,0
436,21,52,755.81,42.75,1,prepaid,south,10,0
437,58,74,609.51,57.67,7,prepaid,east,7,0
438,55,0,226.73,44.62,2,prepaid,north,1,0
439,43,50,857.41,35.03,5,postpaid,north,3,1
440,22,57,717.62,8.84,2,prepaid,north,5,1
441,54,40,259.43,52.02,0,prepaid,east,9,1
442,64,81,625.1,42.33,2,postpaid,north,9,0
443,25,65,270.15,19.94,4,prepaid,east,14,1
444,48,0,750.63,30.68,4,prepaid,west,0,0
445,21,23,984.04,25.35,5,postpaid,east,6,1
446,28,38,275.48,50.83,5,prepaid,east,0,0
447,65,7,855.29,39.56,2,postpaid,east,5,1
448,37,3,795.61,41.2,2,postpaid,east,4,1
449,26,59,315.54,13.3,7,prepaid,east,14,1
450,65,69,610.7,10.23,2,prepaid,south,14,0
451,31,15,606.52,45.63,2,postpaid,west,8,0
452,65,45,810.78,40.07,1,prepaid,north,7,0
453,51,25,568.47,14.09,3,prepaid,south,8,1
454,29,80,843.92,10.82,4,prepaid,south,5,0
455,37,33,182.09,13.91,2,postpaid,south,8,0
456,39,5,667.24,18.97,1,postpaid,east,6,1
457,39,2,169.22,59.17,3,prepaid,north,11,1
458,29,79,972.06,43.02,5,prepaid,north,13,0
459,69,32,683.71,26.29,0,prepaid,west,14,1
460,45,81,991.02,37.57,5,prepaid,west,9,0
461,43,26,757.57,8.5,1,prepaid,west,14,1
462,39,42,539.15,15.85,7,prepaid,north,1,1
463,33,23,898.35,22.45,6,postpaid,east,11,1
464,40,33,196.76,57.47,1,postpaid,north,10,0
465,33,43,950.72,21.39,3,postpaid,north,12,1
466,67,40,853.67,37.38,4,postpaid,south,8,1
467,64,60,854.51,3.98,0,postpaid,east,13,0
468,45,61,704.81,4.03,3,postpaid,south,9,0
469,49,39,286.92,50.94,3,prepaid,south,14,0
470,47,44,614.81,51.43,4,prepaid,south,4,0
471,18,17,440.55,46.5,2,prepaid,south,1,0
472,36,32,871.65,47.0,2,prepaid,west,2,0
473,20,33,701.38,5.51,6,prepaid,east,14,1
474,32,48,488.7,32.18,0,postpaid,north,2,0
475,69,43,685.0,54.38,6,postpaid,west,14,1
476,48,39,983.75,49.86,3,postpaid,south,11,0
477,29,29,241.42,35.47,5,prepaid,east,10,1
478,54,52,187.94,47.41,3,postpaid,south,0,1
479,23,23,756.81,48.13,1,prepaid,south,8,0
480,65,48,844.23,3.81,1,postpaid,south,9,1
481,26,63,903.89,22.67,1,prepaid,north,9,0
482,61,64,713.28,58.24,6,prepaid,south,5,0
483,27,28,616.91,1.98,5,prepaid,south,6,0
484,29,9,670.05,8.75,6,prepaid,south,10,1
485,65,61,193.69,10.33,6,postpaid,east,13,1
486,46,21,616.22,34.72,7,prepaid,east,11,1
487,65,45,902.08,30.74,5,prepaid,west,7,1
488,50,8,102.79,43.48,7,postpaid,east,12,1
489,25,28,199.98,27.03,7,prepaid,south,5,1
490,47,74,837.19,43.21,6,prepaid,south,1,0
491,23,41,734.71,2.97,2,prepaid,north,11,1
492,39,80,221.97,28.57,5,prepaid,west,1,0
493,19,56,689.22,45.52,5,postpaid,north,14,1
494,22,8,459.15,33.18,3,prepaid,north,4,1
495,62,41,728.92,17.32,5,prepaid,north,6,0
496,42,56,835.05,52.32,2,postpaid,west,7,0
497,52,35,486.85,48.58,1,prepaid,north,2,0
498,63,1,678.58,14.94,2,prepaid,north,5,1
499,67,74,420.09,48.93,6,prepaid,west,14,0
500,40,78,773.18,55.27,2,prepaid,south,3,0
501,45,76,973.37,36.06,1,prepaid,east,10,0
502,39,2,548.74,15.02,7,prepaid,north,4,1
503,49,81,416.13,40.38,4,prepaid,north,11,1
504,30,18,312.46,27.21,5,postpaid,south,14,1
505,26,3,449.36,51.4,1,prepaid,north,2,0
506,58,44,969.66,32.43,5,postpaid,south,12,1
507,28,34,982.24,49.71,6,postpaid,north,12,0
508,51,83,888.7,3.97,1,postpaid,west,8,0
509,56,13,178.66,43.82,6,postpaid,south,13,1
510,43,76,839.78,37.21,6,postpaid,south,3,0
511,37,12,521.76,41.38,6,postpaid,west,12,1
512,21,57,675.01,8.95,6,postpaid,south,0,1
513,32,25,884.85,38.19,5,prepaid,east,8,1
514,68,37,963.79,52.79,3,prepaid,south,3,0
515,19,68,246.92,36.5,6,prepaid,north,12,0
516,23,48,793.27,26.58,0,prepaid,south,10,0
517,53,83,393.12,23.5,5,prepaid,north,10,0
518,38,66,709.98,30.34,1,prepaid,south,4,0
519,65,65,995.05,25.84,1,postpaid,north,5,0
520,24,29,247.3,20.95,3,prepaid,north,2,1
521,29,30,461.33,53.46,1,postpaid,west,13,1
522,53,35,901.14,38.62,4,postpaid,north,3,0
523,42,20,867.34,18.17,3,prepaid,west,8,1
524,68,3,989.21,19.14,1,prepaid,north,2,1
525,68,52,947.2,21.23,7,prepaid,south,12,1
526,49,25,650.32,5.75,2,prepaid,north,6,0
527,22,34,425.15,20.68,5,prepaid,east,5,0
528,42,35,549.96,54.96,4,postpaid,north,3,0
529,65,46,879.63,52.67,1,postpaid,east,14,0
530,37,26,177.91,11.91,7,postpaid,east,4,1
531,38,17,555.05,40.5,7,postpaid,west,10,1
532,48,47,709.33,57.35,5,postpaid,west,6,0
533,64,39,944.28,39.75,7,prepaid,north,0,0
534,61,25,190.89,4.98,0,prepaid,south,13,0
535,47,64,130.27,56.37,1,prepaid,east,7,0
536,44,13,959.27,2.63,7,postpaid,east,5,1
537,20,1,961.89,21.27,0,postpaid,west,7,0
538,68,67,892.84,28.67,6,prepaid,east,8,0
539,44,49,943.5,58.91,2,prepaid,east,14,0
540,30,70,432.16,4.87,5,prepaid,south,2,0
541,48,10,985.96,39.95,1,postpaid,south,2,0
542,35,60,241.81,40.86,2,postpaid,south,10,0
543,39,34,605.01,51.67,6,postpaid,west,11,1
544,67,17,193.28,20.74,4,prepaid,east,12,1
545,68,75,414.0,28.27,2,postpaid,east,13,0
546,69,82,213.8,55.37,5,postpaid,east,3,0
547,32,42,121.55,44.95,1,prepaid,east,13,1
548,46,81,161.61,21.45,4,postpaid,north,14,0
549,52,70,236.89,57.26,7,prepaid,north,1,0
550,24,77,219.53,46.82,4,prepaid,east,11,0
551,38,31,193.24,18.57,7,prepaid,west,8,0
552,22,7,803.51,27.35,5,postpaid,south,9,1
553,45,16,510.73,14.38,0,postpaid,south,11,1
554,57,33,423.11,50.31,3,postpaid,east,0,1
555,37,43,626.61,16.67,1,postpaid,south,3,0
556,34,34,997.98,51.7,0,prepaid,west,14,0
557,21,20,753.95,45.26,0,postpaid,east,6,0
558,36,17,726.27,30.49,7,postpaid,south,2,1
559,43,83,654.85,42.98,3,prepaid,north,0,0
560,52,68,688.65,42.3,4,prepaid,south,7,0
561,56,72,141.93,26.02,3,postpaid,south,6,0
562,58,37,256.99,12.89,4,postpaid,south,6,1
563,42,60,809.56,59.03,5,prepaid,south,13,0
564,51,54,431.89,1.73,5,prepaid,east,14,1
565,42,33,111.61,1.1,2,postpaid,south,14,1
566,59,46,284.38,6.4,7,postpaid,north,6,1
567,43,39,782.97,43.1,1,prepaid,south,10,0
568,24,60,611.19,14.04,2,postpaid,west,3,0
569,24,71,235.41,14.39,2,prepaid,east,0,0
570,56,54,261.1,26.96,1,prepaid,west,2,0
571,44,7,804.46,13.94,2,postpaid,west,4,1
572,42,50,751.22,48.4,3,postpaid,north,8,1
573,28,53,823.29,58.14,7,prepaid,north,2,0
574,49,25,287.59,34.68,7,postpaid,north,8,1
575,23,1,388.74,46.9,4,postpaid,east,5,1
576,66,58,623.29,14.77,3,prepaid,north,13,0
577,36,47,811.13,26.15,4,postpaid,north,4,0
578,39,23,654.38,39.1,7,postpaid,south,7,1
579,39,76,145.94,35.27,5,postpaid,west,11,1
580,28,69,131.78,16.64,6,prepaid,east,10,1
581,65,35,429.84,52.5,3,postpaid,east,8,1
582,41,43,447.47,29.61,6,postpaid,west,11,1
583,39,23,742.26,13.83,7,postpaid,east,0,1
584,46,25,301.84,54.83,4,prepaid,east,14,1
585,67,51,344.14,38.32,7,prepaid,south,11,0
586,36,44,138.02,18.03,2,prepaid,east,4,0
587,57,19,453.19,37.0,2,postpaid,south,4,1
588,49,71,522.36,58.01,5,postpaid,south,5,0
589,33,23,264.37,19.68,0,prepaid,east,11,1
590,45,60,190.87,5.6,5,postpaid,west,8,0
591,64,10,530.34,2.95,7,postpaid,south,9,1
592,36,65,389.37,43.86,0,prepaid,south,4,0
593,31,2,976.64,32.47,2,prepaid,north,9,1
594,65,35,623.78,45.7,6,prepaid,north,6,0
595,37,0,888.96,40.7,7,postpaid,east,5,1
596,67,54,514.56,47.62,7,postpaid,west,13,1
597,45,24,114.83,40.21,6,postpaid,north,13,1
598,36,70,958.53,44.3,0,prepaid,south,14,0
599,60,50,827.49,9.0,6,prepaid,west,12,0
600,54,64,203.11,42.46,6,prepaid,north,11,1
601,18,20,798.97,38.39,6,postpaid,east,4,1
602,59,25,728.15,8.71,4,prepaid,west,1,0
603,59,48,177.41,49.85,3,prepaid,east,12,0
604,50,36,400.66,42.21,3,prepaid,south,4,0
605,46,37,533.37,6.93,1,prepaid,north,13,1
606,60,23,184.94,28.87,2,prepaid,north,3,0
607,32,18,886.15,14.46,2,postpaid,north,13,1
608,44,1,538.77,3.13,7,prepaid,south,4,1
609,25,28,907.68,49.74,1,prepaid,south,14,0
610,57,60,966.38,1.69,1,prepaid,east,10,1
611,21,60,562.47,43.87,6,prepaid,north,3,0
612,49,74,932.98,18.27,0,prepaid,west,10,0
613,32,51,737.37,44.87,4,prepaid,south,12,0
614,66,59,575.96,46.05,2,postpaid,north,12,0
615,42,63,591.33,13.63,7,prepaid,east,11,1
616,41,39,722.81,3.38,5,prepaid,east,7,1
617,59,17,937.4,29.15,4,postpaid,west,4,1
618,67,41,338.44,56.21,7,postpaid,north,12,1
619,67,21,949.92,37.91,6,prepaid,east,11,1
620,66,6,827.26,37.99,2,prepaid,west,3,0
621,62,79,708.75,36.8,3,postpaid,west,3,0
622,63,3,874.94,44.13,3,prepaid,west,11,1
623,58,26,444.16,24.3,0,postpaid,east,11,1
624,20,73,813.53,42.73,7,prepaid,south,11,0
625,67,68,641.56,54.16,1,prepaid,east,8,0
626,34,79,273.01,40.97,7,prepaid,south,3,0
627,25,81,800.3,19.97,2,prepaid,west,9,0
628,35,63,348.63,10.07,3,prepaid,south,7,1
629,42,75,275.51,44.42,2,prepaid,north,3,0
630,37,77,567.51,8.25,2,prepaid,west,1,0
631,50,44,844.89,5.9,7,prepaid,north,9,1
632,56,17,819.54,29.87,4,postpaid,north,6,1
633,25,24,931.91,19.26,6,postpaid,north,9,1
634,33,78,964.14,9.79,0,postpaid,north,3,0
635,51,60,820.48,51.14,1,prepaid,east,14,0
636,69,69,331.34,19.2,3,prepaid,north,13,0
637,58,60,366.1,32.31,2,postpaid,east,2,1
638,22,34,461.67,23.51,1,postpaid,north,10,1
639,43,49,357.93,25.93,1,postpaid,east,10,1
640,39,43,720.43,20.7,6,prepaid,south,8,0
641,18,64,665.73,51.5,7,prepaid,north,1,0
642,49,44,742.64,2.98,1,prepaid,west,8,0
643,54,63,153.25,32.94,2,prepaid,south,1,0
644,58,46,295.28,51.43,7,prepaid,south,10,0
645,65,61,611.06,27.22,0,prepaid,west,9,0
646,27,50,124.08,10.29,3,prepaid,east,12,1
647,24,64,621.32,31.4,0,prepaid,south,3,0
648,21,61,287.62,19.27,6,prepaid,east,7,0
649,21,3,264.46,10.63,3,prepaid,south,9,1
650,62,69,531.62,7.17,0,postpaid,south,8,0
651,62,51,288.73,57.2,2,prepaid,north,6,0
652,34,64,265.98,41.89,5,postpaid,south,3,0
653,62,20,274.29,12.46,0,postpaid,north,2,1
654,61,48,652.0,14.21,2,postpaid,north,6,1
655,67,22,855.28,54.05,6,prepaid,north,0,0
656,47,11,408.17,37.28,5,postpaid,north,13,1
657,23,57,891.32,58.28,6,postpaid,west,12,1
658,26,48,737.46,25.42,1,prepaid,north,5,0
659,32,61,855.84,25.96,0,prepaid,south,11,0
660,39,29,156.73,48.63,2,prepaid,south,6,1
661,64,42,662.19,26.49,6,postpaid,north,6,1
662,20,61,856.36,49.99,1,prepaid,west,8,0
663,64,0,549.97,25.65,7,prepaid,south,3,1
664,46,80,635.87,44.97,6,postpaid,west,9,0
665,19,22,608.71,11.08,3,prepaid,south,9,0
666,44,16,601.6,27.9,3,postpaid,south,2,1
667,53,82,768.39,35.48,2,postpaid,west,10,0
668,30,27,781.3,49.62,1,prepaid,east,9,1
669,66,53,175.07,15.28,3,prepaid,north,3,0
670,33,66,363.12,49.01,4,prepaid,north,5,0
671,51,11,869.79,19.13,3,prepaid,west,6,1
672,26,0,409.42,2.53,2,postpaid,west,9,1
673,43,34,508.3,17.87,0,postpaid,east,3,0
674,36,62,416.73,28.46,6,prepaid,north,2,0
675,56,66,789.85,27.18,0,prepaid,north,14,0
676,66,13,747.44,27.31,7,postpaid,north,6,1
677,29,58,474.82,43.57,6,postpaid,west,9,1
678,28,62,372.53,18.02,2,prepaid,west,6,1
679,53,18,285.33,1.88,4,prepaid,south,10,1
680,46,35,466.57,48.88,3,postpaid,south,1,1
681,49,73,325.79,36.82,2,prepaid,north,4,0
682,51,39,462.4,8.1,6,postpaid,east,0,1
683,24,47,283.16,55.09,6,prepaid,east,7,1
684,25,21,434.87,24.32,5,prepaid,south,11,1
685,69,7,302.46,47.53,4,postpaid,west,14,1
686,41,57,349.42,42.73,6,postpaid,south,9,1
687,24,82,542.29,10.24,2,postpaid,south,3,0
688,62,49,189.76,3.75,7,prepaid,east,0,1
689,25,2,156.3,32.12,4,postpaid,north,14,1
690,65,41,537.18,39.79,7,prepaid,north,0,1
691,25,25,627.54,24.75,6,prepaid,west,4,1
692,68,1,751.35,35.9,7,prepaid,east,1,1
693,41,48,683.02,9.68,6,prepaid,east,6,1
694,34,40,428.78,58.59,2,postpaid,west,1,1
695,43,48,757.28,26.78,6,prepaid,south,7,0
696,68,25,458.34,35.83,5,postpaid,north,5,1
697,29,56,594.92,30.03,5,prepaid,south,11,0
698,35,11,585.98,20.91,7,prepaid,south,12,1
699,37,83,613.15,29.2,6,postpaid,east,14,0
700,36,56,868.18,35.22,3,prepaid,north,1,0
701,49,48,339.81,9.41,4,prepaid,north,8,1
702,69,15,896.18,14.48,5,postpaid,north,3,1
703,60,71,641.82,36.62,2,postpaid,west,1,0
704,47,80,547.44,8.26,0,prepaid,west,14,0
705,56,65,638.84,9.21,5,prepaid,west,0,0
706,40,7,122.35,37.04,6,prepaid,east,6,1
707,60,30,243.39,40.0,7,postpaid,west,7,1
708,63,68,427.05,50.35,2,postpaid,west,3,0
709,65,74,845.59,56.78,2,prepaid,east,13,0
710,26,64,807.93,6.04,7,postpaid,east,2,1
711,57,9,745.69,22.18,7,prepaid,west,6,1
712,42,72,750.43,11.05,2,postpaid,south,8,0
713,34,6,283.86,22.98,7,prepaid,east,3,1
714,48,32,765.66,30.55,4,prepaid,south,3,0
715,52,26,123.66,8.19,4,postpaid,south,2,1
716,55,62,970.73,43.08,6,prepaid,east,9,0
717,50,11,281.14,41.23,1,postpaid,east,4,1
718,40,83,793.64,1.88,1,postpaid,west,11,0
719,63,49,419.47,47.79,2,prepaid,east,0,0
720,37,67,528.35,22.05,1,prepaid,west,14,0
721,31,13,873.13,15.4,1,prepaid,north,2,0
722,61,4,386.76,23.87,1,prepaid,east,13,1
723,60,74,669.28,35.05,0,postpaid,south,1,0
724,57,3,332.33,38.94,0,postpaid,west,5,0
725,56,67,659.18,13.37,7,prepaid,west,8,1
726,22,29,455.33,25.26,5,postpaid,east,6,0
727,48,71,965.38,9.31,0,postpaid,north,14,0
728,23,32,434.44,6.48,7,prepaid,east,6,1
729,38,61,949.6,39.42,0,prepaid,east,3,0
730,43,31,523.15,33.77,5,prepaid,east,2,1
731,30,41,158.93,10.45,7,postpaid,south,7,1
732,68,5,709.9,17.79,2,postpaid,east,0,1
733,27,9,315.34,36.02,5,postpaid,south,3,1
734,39,73,301.21,8.73,3,prepaid,east,5,1
735,59,52,788.19,26.96,1,postpaid,west,13,0
736,21,49,886.2,31.88,0,postpaid,east,9,0
737,28,9,491.9,44.64,5,postpaid,south,8,1
738,54,46,129.63,7.64,6,prepaid,south,1,1
739,32,20,427.7,59.17,2,postpaid,north,6,1
740,20,54,682.92,36.75,1,prepaid,south,0,0
741,60,21,239.33,16.63,6,prepaid,south,8,1
742,49,58,596.1,33.65,2,prepaid,south,11,0
743,32,16,167.81,33.73,1,prepaid,north,3,0
744,34,32,641.6,47.32,1,postpaid,west,2,1
745,25,79,512.16,45.04,2,prepaid,north,11,0
746,35,24,840.09,11.33,3,prepaid,west,4,1
747,66,20,335.9,13.22,0,prepaid,west,8,0
748,42,3,908.92,50.92,4,postpaid,south,1,0
749,26,27,273.28,21.89,3,postpaid,north,12,1
750,60,42,443.15,52.43,1,prepaid,south,13,1
751,24,20,829.45,12.94,6,prepaid,west,14,1
752,38,17,538.66,6.84,5,postpaid,south,1,1
753,33,78,587.46,43.86,4,prepaid,east,10,0
754,34,18,354.15,50.14,1,prepaid,south,10,0
755,22,81,159.19,22.43,3,prepaid,south,2,0
756,21,62,473.77,9.74,2,prepaid,east,4,0
757,64,66,439.12,25.12,1,prepaid,north,6,0
758,39,9,283.62,23.77,7,prepaid,west,5,1
759,43,3,352.01,37.56,0,prepaid,south,0,0
760,68,63,252.19,30.18,2,postpaid,south,10,0
761,47,45,967.08,1.56,2,prepaid,south,13,0
762,49,65,705.41,48.2,5,prepaid,south,6,0
763,53,34,185.72,44.0,0,postpaid,north,5,1
764,54,40,158.93,57.88,3,prepaid,north,13,1
765,59,75,235.13,31.73,6,prepaid,north,14,0
766,36,43,833.7,56.72,0,prepaid,south,0,0
767,21,26,250.41,59.88,0,postpaid,west,6,0
768,34,22,425.15,33.29,5,postpaid,east,6,1
769,19,64,534.5,38.5,5,prepaid,south,2,0
770,43,56,541.77,23.03,1,prepaid,east,1,0
771,40,34,399.56,47.62,1,prepaid,north,3,0
772,50,55,700.08,45.3,4,prepaid,west,13,0
773,69,78,634.82,39.47,6,postpaid,west,2,0
774,23,43,293.63,39.51,4,postpaid,west,10,1
775,36,76,921.62,30.1,3,postpaid,north,2,0
776,29,61,896.64,1.57,2,prepaid,east,1,0
777,60,52,305.26,59.28,6,postpaid,east,9,1
778,49,76,808.74,14.06,4,prepaid,east,11,0
779,53,34,709.35,2.32,2,prepaid,north,12,1
780,53,25,847.42,7.39,1,prepaid,south,10,1
781,44,18,175.84,27.25,0,prepaid,south,13,1
782,25,6,581.39,51.66,4,prepaid,west,8,1
783,37,61,464.28,24.42,4,prepaid,south,13,0
784,46,4,626.95,10.1,4,postpaid,west,0,1
785,59,63,615.84,9.08,4,prepaid,north,2,0
786,44,28,678.13,46.51,1,prepaid,west,2,0
787,47,5,823.27,24.57,5,postpaid,east,6,1
788,55,49,284.55,6.61,5,prepaid,east,11,1
789,36,7,216.62,4.14,4,prepaid,west,10,1
790,68,41,504.24,56.71,4,prepaid,north,0,0
791,49,62,369.4,26.14,7,prepaid,east,10,1
792,57,74,169.01,49.34,1,postpaid,west,2,0
793,65,1,809.89,32.17,4,postpaid,east,13,1
794,60,40,831.76,57.7,4,prepaid,north,7,0
795,56,56,488.86,7.34,1,prepaid,north,1,0
796,31,81,277.66,29.85,3,postpaid,east,8,0
797,62,68,548.45,55.8,4,postpaid,north,11,0
798,31,55,972.43,51.04,6,prepaid,east,10,0
799,68,82,943.83,31.7,7,prepaid,west,2,0
800,26,13,535.55,37.04,1,prepaid,north,1,0
801,65,49,672.82,34.38,3,prepaid,west,8,0
802,25,49,716.75,51.82,1,postpaid,west,8,0
803,62,74,600.39,56.33,5,prepaid,east,10,0
804,20,55,892.28,15.82,7,prepaid,north,0,0
805,27,42,410.76,25.13,6,prepaid,north,1,0
806,25,43,879.33,40.88,1,postpaid,east,0,0
807,42,16,321.9,52.51,1,prepaid,west,14,0
808,25,2,381.44,53.17,1,prepaid,east,4,1
809,23,38,890.88,53.23,5,prepaid,west,3,1
810,50,63,497.61,45.45,4,postpaid,north,2,0
811,30,14,114.38,7.52,0,postpaid,north,12,1
812,18,28,559.2,30.88,3,prepaid,east,6,1
813,20,37,987.18,13.98,0,prepaid,south,0,0
814,44,18,159.45,54.78,4,postpaid,north,13,1
815,31,48,293.97,57.43,2,prepaid,south,8,0
816,19,4,652.52,58.4,7,prepaid,east,14,1
817,44,68,813.58,29.78,0,postpaid,east,8,0
818,62,72,421.29,56.18,7,prepaid,south,5,0
819,38,13,361.81,49.27,3,postpaid,south,13,1
820,67,54,358.22,18.97,0,prepaid,east,1,0
821,58,56,758.05,4.3,5,postpaid,east,2,1
822,29,31,233.35,37.55,4,prepaid,west,3,1
823,39,68,167.64,43.98,5,prepaid,east,10,1
824,23,5,685.25,17.56,5,prepaid,south,9,1
825,65,23,155.25,12.71,0,postpaid,north,2,1
826,48,67,982.6,22.0,2,prepaid,east,8,0
827,57,80,371.44,28.07,2,prepaid,south,8,0
828,38,76,618.16,33.74,1,postpaid,south,4,0
829,68,56,777.29,58.62,4,prepaid,east,14,1
830,53,54,204.41,56.91,3,prepaid,west,12,1
831,38,68,669.68,6.84,0,prepaid,north,0,0
832,22,47,461.61,56.89,3,prepaid,south,6,0
833,30,56,184.47,54.85,7,postpaid,west,0,0
834,24,56,929.25,41.6,0,prepaid,north,5,0
835,28,67,205.76,50.91,0,postpaid,north,8,0
836,48,52,398.95,55.31,3,prepaid,south,5,1
837,23,51,551.6,47.93,0,postpaid,east,1,0
838,40,21,923.7,55.2,4,postpaid,north,11,1
839,40,66,782.82,23.49,2,postpaid,west,5,0
840,35,36,361.82,57.51,3,prepaid,west,2,0
841,57,24,361.15,41.4,5,prepaid,east,8,1
842,68,29,708.11,27.82,5,postpaid,west,3,1
843,55,20,789.63,27.96,3,postpaid,east,0,0
844,42,25,129.36,52.73,4,postpaid,west,13,1
845,33,14,738.57,3.71,2,postpaid,west,9,1
846,67,58,382.18,22.47,1,prepaid,south,10,0
847,45,44,712.97,23.77,3,prepaid,east,9,1
848,40,79,642.74,54.06,4,prepaid,east,5,0
849,53,36,902.83,39.6,3,prepaid,west,12,1
850,26,29,133.96,13.77,0,prepaid,north,4,0
851,55,67,146.0,40.89,7,prepaid,north,4,1
852,28,54,565.82,55.39,7,prepaid,north,11,1
853,18,76,295.58,14.64,7,prepaid,south,6,1
854,41,20,238.58,23.58,0,postpaid,south,5,0
855,25,57,340.14,27.2,0,prepaid,south,14,0
856,47,11,550.98,52.25,6,prepaid,west,12,1
857,55,8,563.21,14.7,4,prepaid,south,2,1
858,35,69,836.04,0.86,3,prepaid,west,6,0
859,63,14,947.5,22.51,0,prepaid,south,14,1
860,19,8,506.17,24.44,7,prepaid,west,9,1
861,39,3,798.51,19.11,1,postpaid,south,0,1
862,54,38,552.72,58.81,3,postpaid,north,7,1
863,62,61,982.2,16.82,0,postpaid,north,0,0
864,57,56,237.9,35.04,4,prepaid,south,12,1
865,26,22,117.67,49.29,6,prepaid,north,9,1
866,55,23,808.89,48.68,1,prepaid,east,3,0
867,30,16,568.98,49.89,2,prepaid,north,9,0
868,29,33,659.8,51.7,4,prepaid,north,14,1
869,44,34,366.51,15.8,7,prepaid,north,9,1
870,31,18,335.08,49.19,1,prepaid,east,11,1
871,41,83,200.36,15.16,4,prepaid,south,3,0
872,44,58,500.22,27.16,0,prepaid,north,4,0
873,31,59,99.28,1.52,4,postpaid,north,1,1
874,30,47,896.92,16.6,7,prepaid,east,5,1
875,21,45,362.34,27.71,3,postpaid,north,6,1
876,49,70,543.47,18.35,6,postpaid,west,1,0
877,46,11,883.12,30.49,1,prepaid,south,1,0
878,26,40,522.53,21.1,5,prepaid,south,1,0
879,52,0,885.55,30.35,6,postpaid,north,3,1
880,43,19,979.16,18.69,6,prepaid,west,7,1
881,23,21,575.05,52.09,5,prepaid,west,6,1
882,48,83,134.7,46.77,1,prepaid,north,3,0
883,60,54,549.67,38.16,0,postpaid,west,4,0
884,38,13,221.2,42.95,6,prepaid,east,8,1
885,20,32,675.55,50.99,5,prepaid,east,3,1
886,27,30,820.5,49.36,0,prepaid,west,0,0
887,68,69,642.25,26.32,0,prepaid,north,14,0
888,33,45,838.19,33.53,2,postpaid,south,4,0
889,46,41,577.54,37.56,3,postpaid,east,7,1
890,33,63,438.34,41.29,1,postpaid,west,0,0
891,19,3,656.56,54.4,0,postpaid,east,3,1
892,46,70,875.5,26.47,6,prepaid,east,4,1
893,69,2,653.75,58.6,4,postpaid,east,7,1
894,20,83,322.29,24.4,6,postpaid,west,5,0
895,57,70,941.81,47.72,2,prepaid,south,13,0
896,64,28,896.81,29.32,2,postpaid,west,12,0
897,48,72,550.38,57.56,2,prepaid,east,11,0
898,59,68,219.06,7.3,5,postpaid,north,11,1
899,26,79,698.99,32.86,7,postpaid,east,12,1
900,67,42,144.0,54.13,0,prepaid,west,2,0
901,65,68,445.79,56.37,1,prepaid,north,8,0
902,27,32,314.66,47.32,3,prepaid,east,13,1
903,40,0,851.57,17.82,7,postpaid,west,2,1
904,44,10,459.08,51.54,1,prepaid,north,6,0
905,27,20,963.78,46.87,6,prepaid,west,6,1
906,49,46,240.77,20.36,6,prepaid,west,14,1
907,58,40,851.17,55.07,5,postpaid,south,3,1
908,25,4,981.56,29.22,4,prepaid,north,9,1
909,47,51,763.63,45.51,0,prepaid,west,7,0
910,60,55,452.87,4.13,2,postpaid,north,6,0
911,63,30,895.15,42.46,1,prepaid,north,0,0
912,46,80,935.45,53.43,6,prepaid,east,7,0
913,41,8,995.77,6.17,4,postpaid,south,5,1
914,32,54,335.61,47.55,3,prepaid,north,4,0
915,22,44,586.88,31.47,5,prepaid,south,11,0
916,65,11,253.28,57.37,3,prepaid,east,3,0
917,48,60,300.4,8.18,1,prepaid,west,6,0
918,54,77,886.2,34.0,5,prepaid,south,12,0
919,19,23,461.15,31.47,3,prepaid,west,4,1
920,27,4,970.99,20.1,4,prepaid,south,12,1
921,46,20,971.33,11.87,5,prepaid,west,14,1
922,22,60,285.35,48.16,5,prepaid,west,9,0
923,53,56,109.63,17.17,5,prepaid,north,8,1
924,57,12,670.06,53.76,7,prepaid,south,0,0
925,46,34,224.43,25.31,6,prepaid,south,9,1
926,41,23,948.13,56.7,6,prepaid,east,4,1
927,29,10,896.35,4.77,2,prepaid,north,5,1
928,20,60,979.27,9.38,0,postpaid,south,3,0
929,23,29,422.77,52.01,6,prepaid,north,0,0
930,28,77,346.43,11.13,1,prepaid,west,13,0
931,40,76,789.12,23.04,0,prepaid,east,7,0
932,54,31,308.43,58.56,6,prepaid,north,12,1
933,59,38,339.7,1.52,4,prepaid,south,7,1
934,29,42,500.39,42.94,6,postpaid,east,3,0
935,57,56,426.13,54.55,0,postpaid,east,2,0
936,34,57,475.78,43.82,0,prepaid,east,14,0
937,19,19,606.24,5.66,6,prepaid,west,1,1
938,54,51,784.17,15.1,6,prepaid,east,12,1
939,34,65,269.02,34.79,4,prepaid,west,6,0
940,39,0,352.67,28.77,3,postpaid,east,7,1
941,61,24,923.39,40.67,6,postpaid,north,2,1
942,26,1,111.11,30.06,1,prepaid,south,11,1
943,37,22,979.79,43.72,1,prepaid,south,13,1
944,24,76,324.28,54.38,1,prepaid,east,10,0
945,49,37,475.11,45.54,6,postpaid,east,7,0
946,25,0,202.07,28.23,0,postpaid,south,11,1
947,59,31,882.35,27.41,1,prepaid,north,13,0
948,58,54,845.65,45.94,2,prepaid,south,14,0
949,59,33,615.34,21.39,3,postpaid,east,1,1
950,33,17,289.15,29.78,4,prepaid,north,7,1
951,32,65,941.14,55.07,3,postpaid,south,8,0
952,25,6,578.04,33.59,5,postpaid,west,6,1
953,46,40,773.08,5.11,6,prepaid,north,7,1
954,20,54,543.7,51.57,7,prepaid,north,5,0
955,64,24,486.52,13.85,7,postpaid,west,5,1
956,35,9,455.48,25.98,1,postpaid,north,10,1
957,60,79,872.94,3.71,5,prepaid,west,1,0
958,44,44,898.3,51.39,7,prepaid,north,8,1
959,36,69,486.92,34.86,2,prepaid,south,4,0
960,59,51,500.11,36.67,5,prepaid,south,1,0
961,24,46,422.16,33.92,3,postpaid,north,3,0
962,29,51,674.19,36.92,6,prepaid,north,5,1
963,69,0,674.31,47.05,7,postpaid,south,12,1
964,58,63,188.48,46.55,3,postpaid,north,13,0
965,37,35,811.46,10.67,2,postpaid,north,0,1
966,46,30,972.56,50.01,6,prepaid,north,11,1
967,68,51,939.09,36.13,5,postpaid,east,0,0
968,52,50,968.89,39.75,3,prepaid,north,8,0
969,47,18,344.27,41.82,2,prepaid,west,6,0
970,19,78,451.04,16.42,1,prepaid,west,8,1
971,22,6,398.75,57.8,0,postpaid,north,8,1
972,65,17,283.63,9.05,5,postpaid,south,6,1
973,61,6,769.21,55.31,0,postpaid,north,7,0
974,19,68,688.97,42.0,2,postpaid,east,5,0
975,66,11,756.78,43.95,7,prepaid,north,12,1
976,51,16,373.74,57.3,6,postpaid,north,6,1
977,24,13,588.0,11.61,7,prepaid,east,8,1
978,36,29,708.01,27.34,3,prepaid,north,8,1
979,31,27,660.49,38.09,1,prepaid,south,4,0
980,32,2,718.07,16.15,4,prepaid,west,8,1
981,27,4,397.91,8.2,6,prepaid,south,0,1
982,43,62,265.94,56.27,3,prepaid,north,0,0
983,45,52,461.16,12.74,5,prepaid,east,3,1
984,37,66,513.03,24.02,1,prepaid,north,6,1
985,62,13,284.37,4.77,1,prepaid,south,7,1
986,25,7,241.05,11.86,2,postpaid,east,1,1
987,43,58,908.62,27.8,5,prepaid,west,2,0
988,34,50,607.84,13.76,2,prepaid,east,14,1
989,19,31,933.18,17.17,3,prepaid,north,14,0
990,31,55,714.64,50.41,0,prepaid,east,0,0
991,56,80,759.03,34.13,2,prepaid,north,1,0
992,42,53,387.67,53.89,5,prepaid,east,2,0
993,53,24,711.0,18.82,6,postpaid,north,5,1
994,64,19,715.16,6.13,4,postpaid,north,1,1
995,52,82,432.08,7.99,0,postpaid,west,12,1
996,19,66,291.81,38.57,3,prepaid,north,6,0
997,30,57,769.04,18.3,2,prepaid,north,6,0
998,38,26,682.71,12.43,6,postpaid,south,7,1
999,33,33,749.56,55.22,5,prepaid,north,4,1
1000,61,55,399.06,10.74,2,prepaid,north,4,0
1001,28,0,469.19,31.72,2,prepaid,north,4,1
1002,29,32,716.36,16.67,0,postpaid,west,0,0
1003,44,5,518.71,26.8,6,prepaid,north,10,1
1004,58,24,935.15,53.28,2,prepaid,north,14,1
1005,46,10,752.55,43.31,1,prepaid,east,13,1
1006,46,33,769.66,50.78,4,postpaid,west,8,0
1007,67,41,139.2,20.12,3,prepaid,west,13,1
1008,48,17,620.69,51.26,5,prepaid,east,13,1
1009,69,65,524.32,5.73,4,prepaid,north,13,0
1010,68,65,749.62,5.28,7,prepaid,east,6,1
1011,41,71,577.39,25.43,5,prepaid,west,7,0
1012,62,28,280.16,59.99,4,prepaid,west,13,1
1013,34,57,932.54,14.47,2,postpaid,west,13,0
1014,34,57,717.03,13.74,0,prepaid,west,5,0
1015,49,5,976.41,37.59,6,prepaid,east,12,1
1016,19,52,345.09,52.67,0,postpaid,west,9,0
1017,33,1,206.9,38.15,2,prepaid,east,8,1
1018,25,20,912.92,22.71,0,postpaid,north,7,0
1019,40,22,264.34,44.62,6,prepaid,north,8,1
1020,52,50,723.8,9.84,3,prepaid,east,10,1
1021,47,31,923.05,5.81,5,prepaid,south,5,1
1022,68,1,152.03,4.93,4,postpaid,east,14,1
1023,51,15,111.02,50.9,4,postpaid,south,10,1
1024,40,51,692.43,56.43,7,postpaid,south,12,1
1025,52,72,945.43,9.66,3,postpaid,west,5,0
1026,57,33,137.75,34.54,5,prepaid,east,8,1
1027,44,83,273.98,35.51,0,prepaid,west,4,0
1028,48,51,692.67,11.46,1,postpaid,west,13,0
1029,28,70,898.74,52.68,1,postpaid,south,4,0
1030,24,29,354.4,12.91,7,prepaid,south,6,1
1031,58,33,184.88,54.5,3,prepaid,south,4,0
1032,44,49,684.13,15.76,2,prepaid,east,9,0
1033,31,15,177.22,21.1,4,postpaid,west,11,1
1034,39,80,979.43,4.23,3,prepaid,south,7,0
1035,27,67,677.22,53.95,2,prepaid,north,8,0
1036,36,13,452.23,1.26,0,prepaid,south,10,1
1037,37,5,604.24,39.28,2,prepaid,north,11,1
1038,39,70,773.55,37.7,6,prepaid,north,10,0
1039,21,64,866.15,59.86,3,postpaid,south,3,0
1040,50,54,192.14,2.81,2,prepaid,north,4,0
1041,23,20,502.82,10.27,2,postpaid,west,4,1
1042,18,77,297.19,36.66,6,postpaid,north,14,0
1043,66,59,652.66,5.84,7,postpaid,north,10,1
1044,38,32,732.51,41.29,0,postpaid,west,14,0
1045,62,22,665.98,8.45,1,postpaid,west,9,1
1046,63,61,294.82,10.56,7,postpaid,west,1,0
1047,47,19,543.9,52.61,1,postpaid,west,0,1
1048,54,35,148.57,16.54,0,postpaid,west,0,0
1049,64,10,984.29,48.7,7,prepaid,south,5,1
1050,52,72,694.89,2.09,1,prepaid,west,2,0
1051,60,76,872.95,26.32,5,prepaid,east,13,0
1052,19,37,145.35,47.72,3,postpaid,east,3,1
1053,34,11,337.16,52.12,3,prepaid,north,4,1
1054,62,19,733.14,20.54,5,prepaid,north,14,1
1055,37,6,864.54,46.83,0,prepaid,east,1,1
1056,52,15,903.06,47.94,0,prepaid,east,4,0
1057,46,46,164.43,13.86,7,prepaid,east,7,1
1058,48,25,674.53,40.7,6,postpaid,east,6,1
1059,68,77,585.49,47.03,0,prepaid,south,10,0
1060,56,54,414.77,14.63,3,prepaid,north,2,1
1061,41,80,417.43,19.78,0,prepaid,south,11,0
1062,59,38,691.58,42.05,6,prepaid,east,0,1
1063,40,68,155.21,59.07,2,prepaid,south,11,0
1064,23,6,981.09,33.51,4,postpaid,west,3,1
1065,53,69,700.07,44.98,1,postpaid,south,5,0
1066,29,66,328.13,20.37,0,prepaid,north,10,0
1067,24,81,246.57,37.05,1,prepaid,north,4,0
1068,65,20,295.53,50.15,2,prepaid,north,12,0
1069,30,81,836.42,54.99,0,postpaid,west,11,0
1070,49,21,754.27,17.72,1,prepaid,south,0,0
1071,29,49,556.31,37.71,1,prepaid,south,4,0
1072,20,47,350.95,33.03,2,postpaid,north,12,1
1073,23,61,583.5,11.43,2,postpaid,south,1,0
1074,37,82,820.68,25.54,5,postpaid,west,14,1
1075,26,45,745.56,34.44,4,postpaid,east,11,0
1076,48,64,113.2,41.21,0,postpaid,east,5,0
1077,23,6,374.79,53.27,6,prepaid,north,13,1
1078,52,17,333.79,59.94,6,prepaid,east,11,1
1079,25,42,582.76,31.96,5,prepaid,west,5,0
1080,56,80,459.71,24.71,6,prepaid,west,14,1
1081,49,79,420.29,7.48,5,prepaid,south,0,0
1082,57,81,998.3,18.9,0,postpaid,east,6,0
1083,40,47,698.57,31.6,1,prepaid,east,10,0
1084,19,61,139.75,57.39,0,postpaid,east,1,0
1085,18,58,449.02,15.04,6,prepaid,west,13,1
1086,29,62,850.53,35.68,2,prepaid,east,8,0
1087,45,57,413.66,59.94,3,prepaid,west,11,1
1088,57,36,993.66,46.56,3,postpaid,west,1,0
1089,22,74,569.61,56.78,2,prepaid,south,12,0
1090,38,70,990.61,27.21,3,postpaid,north,2,0
1091,62,9,385.98,43.43,7,postpaid,east,10,1
1092,47,79,400.78,49.84,6,prepaid,south,2,0
1093,34,78,425.37,47.05,1,prepaid,north,11,0
1094,48,50,274.76,56.93,1,prepaid,south,12,0
1095,52,52,115.54,23.89,1,prepaid,north,0,0
1096,66,4,697.11,33.37,1,prepaid,west,2,0
1097,35,0,356.72,36.74,0,prepaid,east,2,0
1098,18,63,684.78,41.81,6,postpaid,east,8,1
1099,39,71,276.06,33.46,4,prepaid,west,3,0
1100,49,42,463.86,12.92,7,prepaid,south,9,0
1101,40,79,547.14,42.6,5,postpaid,north,13,0
1102,55,32,353.56,43.44,4,postpaid,north,8,1
1103,45,5,559.58,32.98,3,prepaid,south,7,1
1104,24,23,848.47,17.99,0,postpaid,east,6,0
1105,37,23,625.38,13.73,5,postpaid,east,4,1
1106,47,33,905.8,18.01,2,prepaid,south,9,0
1107,59,68,529.52,39.6,3,prepaid,south,9,0
1108,55,10,339.58,25.67,2,prepaid,south,7,1
1109,31,66,826.49,21.12,3,prepaid,north,9,0
1110,38,36,686.7,26.0,0,prepaid,west,13,0
1111,18,30,973.43,21.23,5,postpaid,north,9,1
1112,67,35,449.4,10.91,2,postpaid,north,2,1
1113,50,33,981.07,43.29,5,postpaid,south,13,1
1114,47,57,879.49,15.57,7,prepaid,east,3,0
1115,20,55,398.77,41.2,7,prepaid,west,6,0
1116,64,4,771.39,37.28,7,prepaid,west,0,1
1117,28,17,297.76,22.33,4,postpaid,east,10,1
1118,54,13,149.07,14.9,7,postpaid,west,8,1
1119,40,1,838.21,15.47,5,prepaid,east,2,1
1120,41,69,402.6,7.17,6,postpaid,west,2,0
1121,59,67,549.02,5.44,5,prepaid,south,1,0
1122,27,61,859.83,4.51,1,prepaid,north,0,0
1123,35,59,739.44,25.49,0,postpaid,south,7,0
1124,19,4,667.87,9.91,1,postpaid,east,13,1
1125,61,69,898.76,10.68,4,prepaid,east,12,0
1126,62,56,195.1,7.16,4,postpaid,east,14,1
1127,44,47,725.53,8.01,6,prepaid,east,7,0
1128,69,33,698.56,45.23,4,prepaid,south,0,0
1129,65,41,584.22,33.29,2,prepaid,south,6,0
1130,68,65,838.79,6.71,5,postpaid,west,6,0
1131,38,0,712.2,57.97,7,postpaid,south,13,1
1132,67,42,984.0,27.1,3,prepaid,north,4,0
1133,49,64,120.87,58.75,4,postpaid,west,11,0
1134,46,68,530.32,4.85,6,postpaid,east,10,1
1135,41,43,875.42,19.39,0,prepaid,west,3,0
1136,47,5,309.58,47.43,1,prepaid,north,8,1
1137,39,44,743.81,37.13,5,prepaid,south,12,1
1138,24,27,297.14,6.89,2,prepaid,south,8,1
1139,62,41,479.44,4.1,5,prepaid,south,6,1
1140,30,20,506.75,53.41,1,postpaid,north,10,1
1141,19,73,128.28,38.46,0,prepaid,south,11,0
1142,67,60,834.7,37.83,0,postpaid,north,11,0
1143,19,64,978.34,37.05,4,prepaid,west,13,1
1144,44,21,380.97,2.58,6,postpaid,east,2,1
1145,33,33,176.5,54.86,3,postpaid,south,13,1
1146,34,7,594.26,50.72,2,prepaid,south,4,1
1147,37,75,505.02,13.99,6,postpaid,south,14,1
1148,46,12,841.72,21.46,1,postpaid,south,0,0
1149,41,67,949.17,2.91,1,postpaid,east,13,1
1150,64,9,558.36,3.95,2,postpaid,south,9,1
1151,41,72,417.69,15.26,2,postpaid,east,1,0
1152,48,23,138.29,52.42,2,prepaid,east,10,1
1153,46,79,661.11,7.37,3,prepaid,west,1,0
1154,57,24,609.4,23.36,4,postpaid,south,1,1
1155,60,41,763.96,49.14,6,postpaid,west,4,1
1156,28,50,374.2,39.84,0,postpaid,north,11,0
1157,49,6,919.65,59.53,1,prepaid,north,8,0
1158,44,58,385.54,47.9,0,prepaid,south,13,0
1159,38,43,936.87,28.06,2,postpaid,east,6,1
1160,54,64,177.46,37.8,3,prepaid,west,9,0
1161,37,59,129.13,32.08,3,prepaid,south,6,1
1162,31,19,615.65,58.07,1,prepaid,west,3,0
1163,26,74,711.92,43.06,5,prepaid,west,7,0
1164,22,76,422.71,52.71,7,postpaid,south,6,0
1165,44,32,165.4,54.55,1,prepaid,south,5,0
1166,66,71,479.56,15.22,1,prepaid,south,7,0
1167,56,51,127.15,32.31,2,prepaid,west,12,0
1168,36,74,934.65,8.04,1,prepaid,east,11,1
1169,49,4,563.4,27.68,0,prepaid,north,14,1
1170,45,37,210.17,50.37,0,prepaid,south,1,0
1171,19,42,332.57,59.65,4,prepaid,south,7,1
1172,53,73,989.77,48.68,2,prepaid,north,4,0
1173,18,79,326.86,16.05,7,postpaid,north,0,1
1174,63,77,622.74,22.54,2,prepaid,north,2,0
1175,34,69,813.91,5.49,6,prepaid,west,0,0
1176,60,40,356.43,25.37,4,prepaid,west,3,0
1177,46,31,712.73,47.63,0,prepaid,east,11,1
1178,41,7,564.59,25.67,6,postpaid,north,1,1
1179,69,24,676.32,47.83,6,prepaid,north,13,1
1180,27,46,566.71,32.59,6,prepaid,south,14,1
1181,20,28,143.97,45.23,7,prepaid,north,5,1
1182,48,34,763.19,21.17,5,prepaid,west,8,1
1183,27,51,850.66,22.79,7,prepaid,east,1,1
1184,41,20,206.21,4.64,3,postpaid,south,4,1
1185,20,14,423.35,56.98,0,prepaid,north,14,1
1186,41,56,120.08,20.39,5,prepaid,east,6,1
1187,22,34,117.52,8.47,5,prepaid,south,0,1
1188,66,24,307.84,48.58,7,prepaid,north,6,0
1189,29,13,992.56,17.85,2,postpaid,north,10,1
1190,41,36,634.23,22.56,6,postpaid,south,7,1
1191,55,58,123.78,38.02,3,prepaid,west,4,0
1192,69,81,869.16,23.87,6,prepaid,east,10,0
1193,39,34,272.28,34.57,3,prepaid,south,5,0
1194,22,18,807.56,44.33,2,prepaid,east,0,0
1195,42,60,545.08,27.78,5,postpaid,north,4,0
1196,49,66,133.53,47.16,3,prepaid,north,14,0
1197,54,55,193.86,17.3,6,postpaid,north,9,1
1198,50,11,888.34,45.58,1,postpaid,north,6,0
1199,42,4,990.47,59.82,3,postpaid,north,1,0
1200,26,62,762.62,17.86,5,prepaid,west,8,1
1201,30,69,510.28,16.02,2,postpaid,east,2,0
1202,35,55,505.68,48.51,5,postpaid,west,4,0
1203,47,7,723.83,43.29,1,prepaid,south,3,0
1204,66,65,972.37,54.07,4,prepaid,west,3,0
1205,18,5,955.61,14.28,5,prepaid,north,3,1
1206,43,26,897.77,48.96,7,prepaid,west,6,0
1207,30,48,677.01,40.36,5,prepaid,east,5,0
1208,58,12,262.18,22.42,2,prepaid,south,0,0
1209,42,42,907.84,4.41,5,prepaid,south,3,0
1210,22,27,647.52,46.31,2,postpaid,east,10,1
1211,35,34,879.9,14.35,5,postpaid,west,4,1
1212,58,78,639.28,59.5,2,prepaid,north,2,0
1213,19,26,762.12,42.21,1,prepaid,north,6,0
1214,33,21,716.02,47.45,3,prepaid,west,5,0
1215,54,19,872.13,35.95,3,postpaid,north,6,0
1216,69,66,985.51,48.29,1,prepaid,south,12,0
1217,32,32,124.1,15.96,6,postpaid,north,9,1
1218,66,12,633.32,13.48,6,prepaid,south,3,0
1219,54,65,261.91,21.73,4,prepaid,north,5,0
1220,45,71,109.9,21.56,5,prepaid,south,6,0
1221,47,38,331.97,33.46,4,prepaid,north,10,0
1222,22,20,263.94,34.01,2,prepaid,north,12,1
1223,37,75,874.27,11.26,0,postpaid,west,14,0
1224,31,12,819.13,26.52,3,prepaid,south,6,1
1225,58,65,199.28,55.05,0,postpaid,east,1,0
1226,28,33,313.76,26.6,6,postpaid,east,13,1
1227,37,17,461.87,51.16,4,prepaid,west,9,1
1228,32,41,534.94,6.35,5,prepaid,south,4,1
1229,44,6,492.17,5.37,4,postpaid,north,14,1
1230,31,18,716.2,5.1,1,postpaid,east,12,1
1231,47,22,938.87,27.35,7,prepaid,east,5,0
1232,22,40,898.71,41.99,0,postpaid,west,3,0
1233,23,23,205.86,46.88,1,postpaid,west,3,0
1234,49,12,313.07,33.78,6,postpaid,south,3,1
1235,42,83,581.37,33.48,3,prepaid,west,10,0
1236,53,66,323.05,20.51,4,postpaid,west,12,1
1237,45,57,531.55,24.61,5,prepaid,east,14,1
1238,21,10,797.66,56.78,5,prepaid,east,0,0
1239,62,46,379.48,54.83,2,prepaid,east,7,0
1240,32,83,322.63,26.0,6,prepaid,east,6,0
1241,34,40,119.46,23.04,0,prepaid,south,11,0
1242,43,53,566.29,22.22,6,postpaid,west,3,1
1243,28,67,864.65,30.51,5,prepaid,south,6,0
1244,28,50,536.62,53.86,3,prepaid,south,1,0
1245,37,36,888.6,35.15,6,postpaid,east,5,1
1246,48,41,938.26,48.31,0,postpaid,north,9,0
1247,32,58,642.57,20.64,4,prepaid,east,12,1
1248,39,51,573.65,20.12,5,prepaid,south,14,1
1249,36,37,491.32,30.73,7,prepaid,south,10,0
1250,26,74,516.87,57.28,6,postpaid,west,4,0
1251,28,51,213.61,18.17,6,prepaid,south,11,1
1252,51,6,746.29,53.92,4,prepaid,west,14,1
1253,65,35,651.05,49.33,1,prepaid,west,7,0
1254,42,38,522.1,2.59,7,prepaid,east,7,1
1255,61,64,160.26,4.89,6,prepaid,north,2,1
1256,64,47,841.51,50.76,4,postpaid,south,2,1
1257,21,62,786.75,41.26,4,prepaid,south,13,1
1258,40,38,716.37,57.08,4,prepaid,east,14,0
1259,34,33,648.07,57.12,3,prepaid,east,5,0
1260,62,45,911.31,36.31,2,prepaid,north,7,0
1261,44,24,992.32,43.97,7,postpaid,west,7,1
1262,24,27,476.44,30.2,6,prepaid,north,13,1
1263,67,66,237.05,34.2,4,prepaid,north,9,0
1264,63,78,785.6,2.48,1,prepaid,east,5,0
1265,67,8,727.9,17.6,3,postpaid,south,9,1
1266,24,81,159.39,16.15,0,postpaid,east,14,0
1267,64,21,371.62,29.37,3,postpaid,north,9,1
1268,43,58,670.19,44.15,5,prepaid,east,0,0
1269,46,72,334.47,9.23,6,postpaid,east,13,1
1270,23,5,370.35,47.36,3,postpaid,south,14,1
1271,25,12,569.98,17.62,6,postpaid,north,5,1
1272,68,24,781.77,18.14,2,prepaid,west,5,1
1273,18,7,845.38,11.95,6,postpaid,west,13,1
1274,43,74,695.29,8.98,4,prepaid,north,14,0
1275,52,14,419.55,56.79,2,postpaid,east,0,0
1276,60,61,715.51,49.01,5,prepaid,north,7,0
1277,59,71,381.65,49.16,4,postpaid,west,13,1
1278,69,21,398.81,40.92,1,prepaid,north,13,1
1279,33,59,902.57,18.51,4,prepaid,north,13,0
1280,49,6,800.21,43.84,0,postpaid,east,14,0
1281,59,47,664.18,49.56,7,prepaid,north,3,0
1282,34,11,489.84,1.25,1,prepaid,south,0,1
1283,60,22,670.05,32.33,1,prepaid,north,1,0
1284,35,63,863.5,15.02,5,postpaid,south,11,1
1285,39,66,325.58,45.38,0,postpaid,west,5,0
1286,64,38,855.55,45.81,0,prepaid,south,6,0
1287,36,83,867.77,34.05,7,prepaid,west,8,0
1288,59,74,451.34,58.51,5,postpaid,east,6,0
1289,45,30,692.18,52.47,5,prepaid,south,8,1
1290,23,10,730.47,14.81,7,prepaid,east,10,1
1291,69,29,778.01,44.6,1,postpaid,east,6,0
1292,31,78,285.15,1.16,0,prepaid,west,1,0
1293,68,67,629.62,18.24,0,prepaid,south,4,0
1294,63,25,161.83,44.42,1,prepaid,north,1,0
1295,23,46,771.8,17.36,7,prepaid,south,11,0
1296,69,62,534.86,41.3,5,prepaid,west,10,0
1297,60,39,551.94,57.91,1,prepaid,north,1,0
1298,23,13,861.54,10.05,1,postpaid,east,14,1
1299,53,11,901.45,51.57,0,prepaid,south,12,1
1300,46,63,220.38,56.57,0,prepaid,south,3,0
1301,28,10,782.31,1.45,7,prepaid,north,6,1
1302,55,44,347.7,1.99,3,prepaid,north,3,1
1303,52,8,698.29,59.48,7,prepaid,south,7,1
1304,48,70,763.94,4.73,3,postpaid,south,7,0
1305,32,64,341.84,10.32,6,postpaid,north,1,1
1306,31,29,340.31,45.99,5,prepaid,north,8,1
1307,19,17,744.04,59.35,6,prepaid,south,10,1
1308,37,40,743.34,15.11,2,prepaid,north,14,1
1309,39,67,889.9,33.69,0,prepaid,east,0,0
1310,22,51,929.94,26.67,5,prepaid,west,11,1
1311,51,42,624.35,30.69,5,postpaid,north,10,1
1312,46,30,509.08,27.53,6,postpaid,east,5,1
1313,35,12,641.44,14.28,1,postpaid,west,1,0
1314,55,15,288.48,19.99,0,postpaid,east,8,1
1315,65,47,257.9,47.38,6,postpaid,west,4,1
1316,28,75,291.18,50.03,6,prepaid,north,0,0
1317,45,59,393.51,21.8,4,prepaid,south,2,0
1318,52,53,777.61,41.06,4,prepaid,south,7,0
1319,69,75,233.11,50.57,4,prepaid,north,3,0
1320,52,8,276.89,39.87,4,prepaid,south,5,1
1321,53,27,115.96,45.21,4,postpaid,east,10,1
1322,65,9,895.88,39.14,2,postpaid,west,1,0
1323,26,28,894.46,6.72,5,postpaid,north,5,1
1324,18,21,809.67,35.9,0,postpaid,west,1,0
1325,69,52,322.38,48.09,3,postpaid,east,3,0
1326,64,20,632.71,20.75,0,prepaid,east,9,0
1327,23,14,969.49,20.35,4,prepaid,west,1,0
1328,66,83,273.59,28.13,4,postpaid,north,9,1
1329,47,77,215.31,14.8,5,postpaid,north,8,1
1330,38,60,418.39,8.73,2,prepaid,north,0,0
1331,59,39,218.7,26.3,6,prepaid,east,8,1
1332,31,70,825.02,14.97,1,prepaid,north,4,0
1333,66,10,699.43,13.69,3,prepaid,south,8,1
1334,67,44,989.61,7.45,6,prepaid,east,9,0
1335,21,62,137.48,3.83,1,prepaid,north,13,1
1336,64,52,434.46,58.43,2,postpaid,east,8,0
1337,51,37,800.79,49.54,0,prepaid,north,7,0
1338,34,60,508.57,40.61,6,prepaid,south,1,0
1339,19,26,489.85,54.07,2,postpaid,south,10,1
1340,35,3,194.77,16.18,2,prepaid,south,12,1
1341,39,40,649.58,11.44,7,prepaid,north,2,0
1342,28,80,864.35,4.86,6,postpaid,east,0,0
1343,33,64,850.07,11.18,2,prepaid,east,3,0
1344,46,49,130.4,7.31,7,postpaid,south,0,0
1345,60,28,706.63,45.71,4,prepaid,north,8,1
1346,26,75,623.96,54.69,0,prepaid,north,11,1
1347,29,6,599.91,13.01,0,prepaid,west,6,0
1348,53,23,683.66,32.75,6,postpaid,west,9,1
1349,20,60,734.19,58.4,7,prepaid,east,8,1
1350,46,10,951.36,21.03,1,prepaid,west,9,0
1351,18,70,533.68,52.27,2,prepaid,north,10,0
1352,22,29,866.56,55.84,1,prepaid,south,14,0
1353,60,50,459.26,48.48,3,prepaid,east,9,0
1354,55,50,448.43,12.98,1,postpaid,south,3,0
1355,55,10,768.05,52.68,1,postpaid,north,12,1
1356,48,53,643.52,29.1,0,prepaid,west,5,0
1357,60,46,205.67,5.62,2,prepaid,south,4,0
1358,30,61,922.67,59.18,0,prepaid,west,8,0
1359,28,49,132.19,35.1,1,prepaid,west,10,1
1360,63,58,115.82,18.12,1,postpaid,south,9,1
1361,38,10,254.59,14.47,4,prepaid,north,0,1
1362,41,82,313.0,50.39,4,postpaid,north,13,0
1363,29,5,562.91,57.67,2,prepaid,west,6,1
1364,18,0,175.86,37.26,5,postpaid,north,0,1
1365,18,38,276.79,56.39,2,postpaid,west,11,1
1366,61,72,688.28,31.22,6,postpaid,north,13,1
1367,55,11,843.9,55.82,2,prepaid,west,5,0
1368,47,13,850.42,19.64,1,prepaid,east,11,1
1369,51,34,424.77,38.43,3,postpaid,east,6,1
1370,41,30,728.34,53.25,3,postpaid,east,10,0
1371,40,40,715.05,7.14,7,prepaid,north,2,0
1372,29,33,314.27,9.82,1,postpaid,south,2,0
1373,48,49,189.87,14.97,4,prepaid,east,5,0
1374,20,49,338.58,44.88,7,postpaid,west,0,1
1375,23,74,961.72,48.83,1,postpaid,south,0,0
1376,66,69,735.82,56.62,5,postpaid,east,12,0
1377,64,44,130.4,27.52,6,postpaid,east,4,1
1378,23,63,830.71,36.01,6,prepaid,north,0,0
1379,49,12,774.04,24.41,5,prepaid,east,9,1
1380,25,72,806.72,15.66,1,postpaid,east,14,0
1381,28,51,379.84,36.49,4,postpaid,east,7,1
1382,23,71,325.07,39.5,5,postpaid,west,9,1
1383,19,30,140.11,23.94,2,prepaid,west,4,0
1384,60,41,989.04,15.73,0,prepaid,west,8,0
1385,39,8,983.2,41.13,5,postpaid,west,11,1
1386,43,36,677.97,40.59,6,prepaid,south,1,1
1387,50,63,725.08,0.58,5,prepaid,west,12,1
1388,33,68,534.36,4.71,7,prepaid,east,3,1
1389,57,42,695.46,26.26,0,postpaid,south,12,1
1390,25,38,264.57,48.75,3,prepaid,south,5,1
1391,19,41,655.58,7.46,0,postpaid,east,9,1
1392,68,72,692.82,3.2,4,prepaid,north,7,0
1393,26,64,760.6,11.27,1,prepaid,east,9,0
1394,25,61,864.64,55.37,5,postpaid,south,7,0
1395,55,2,278.08,24.17,6,prepaid,east,10,1
1396,39,79,994.58,39.95,6,prepaid,east,13,0
1397,49,76,197.87,19.41,2,postpaid,east,8,1
1398,22,6,928.22,45.72,0,postpaid,north,4,0
1399,63,12,807.64,37.92,0,prepaid,north,1,0
1400,45,9,271.0,50.9,4,prepaid,north,4,1
1401,47,36,974.59,33.59,2,postpaid,west,4,0
1402,51,45,916.24,35.74,2,postpaid,south,8,0
1403,43,60,528.73,58.88,5,prepaid,west,13,1
1404,63,22,480.11,10.27,3,prepaid,south,3,1
1405,59,50,823.01,31.17,5,postpaid,north,13,1
1406,41,38,153.66,20.73,2,prepaid,north,7,1
1407,42,34,776.92,14.72,2,postpaid,east,7,1
1408,37,54,606.06,49.48,1,postpaid,north,3,0
1409,51,17,327.82,11.04,4,prepaid,south,0,1
1410,32,29,560.07,58.0,5,postpaid,east,8,1
1411,55,51,725.76,10.77,4,postpaid,east,7,1
1412,27,55,752.01,43.34,2,prepaid,south,11,0
1413,52,76,564.19,50.09,1,prepaid,east,10,0
1414,40,78,533.47,44.21,2,postpaid,south,9,0
1415,23,17,694.07,33.27,1,postpaid,west,8,0
1416,26,46,562.12,5.81,5,prepaid,east,2,1
1417,58,44,679.51,12.82,5,prepaid,south,1,0
1418,18,38,316.9,33.7,3,prepaid,north,2,1
1419,23,29,784.69,39.68,4,postpaid,north,6,1
1420,61,23,493.95,31.59,0,prepaid,north,2,0
1421,28,44,743.11,28.37,6,postpaid,south,4,0
1422,27,83,368.66,57.87,3,prepaid,west,5,0
1423,39,78,642.62,13.09,3,prepaid,south,14,0
1424,29,76,159.56,42.18,2,postpaid,north,11,0
1425,36,1,224.13,35.37,2,postpaid,east,9,1
1426,60,31,781.35,0.8,6,prepaid,east,7,1
1427,46,14,349.19,23.64,0,prepaid,south,7,0
1428,47,7,735.85,21.5,7,postpaid,west,1,1
1429,58,6,185.21,27.29,3,postpaid,north,2,1
1430,53,13,670.06,29.05,2,postpaid,west,10,1
1431,57,44,559.24,49.12,3,postpaid,north,14,1
1432,54,51,866.67,55.45,1,postpaid,west,12,0
1433,27,69,336.92,53.4,1,prepaid,north,5,0
1434,37,15,945.98,0.92,3,prepaid,east,3,1
1435,23,45,659.35,19.01,4,prepaid,north,6,0
1436,39,13,649.38,47.11,7,prepaid,south,11,1
1437,52,4,251.54,26.8,2,prepaid,north,8,0
1438,55,10,883.72,52.14,1,prepaid,north,13,1
1439,41,38,578.51,48.17,7,postpaid,east,5,1
1440,43,44,996.92,24.22,3,postpaid,east,9,1
1441,38,37,912.86,40.84,6,postpaid,south,6,1
1442,64,45,709.28,43.5,5,postpaid,west,7,1
1443,21,67,343.58,36.62,3,postpaid,north,12,1
1444,42,35,752.08,20.61,5,postpaid,east,12,0
1445,43,34,208.33,59.37,4,prepaid,south,0,0
1446,18,71,599.74,33.21,3,prepaid,east,13,0
1447,59,47,852.99,50.74,6,postpaid,south,2,1
1448,56,72,710.16,45.83,4,prepaid,west,5,0
1449,40,29,475.63,15.45,3,prepaid,west,1,1
1450,36,45,878.51,20.36,2,postpaid,east,2,0
1451,18,14,268.2,41.11,0,prepaid,south,11,1
1452,23,21,635.87,9.68,1,postpaid,south,12,0
1453,69,4,731.02,13.45,4,prepaid,south,11,1
1454,56,28,791.82,20.22,2,prepaid,east,8,1
1455,41,77,829.36,20.58,2,prepaid,north,4,0
1456,18,22,656.0,14.48,6,postpaid,south,0,1
1457,46,52,729.15,40.13,4,prepaid,west,4,0
1458,67,74,302.36,37.45,5,postpaid,east,5,0
1459,68,58,346.99,38.49,4,postpaid,west,5,1
1460,68,59,211.55,31.21,3,postpaid,east,5,1
1461,47,76,785.28,14.65,1,postpaid,north,5,0
1462,64,43,496.34,34.7,1,prepaid,south,7,0
1463,40,19,335.47,41.51,5,postpaid,south,1,1
1464,52,6,303.94,40.68,7,postpaid,east,1,1
1465,43,5,178.54,27.61,1,prepaid,south,9,1
1466,56,76,735.38,2.69,5,postpaid,north,4,1
1467,60,63,121.97,15.63,0,postpaid,east,9,0
1468,40,74,807.7,9.9,4,prepaid,north,11,0
1469,36,68,266.17,9.41,2,prepaid,east,5,0
1470,55,44,665.97,38.84,5,postpaid,north,3,1
1471,51,7,112.81,50.81,4,prepaid,west,4,0
1472,66,11,418.4,41.55,0,prepaid,north,9,1
1473,28,60,443.82,29.44,3,prepaid,south,8,0
1474,25,59,813.67,17.07,5,postpaid,north,10,1
1475,41,62,164.0,29.94,5,prepaid,south,11,1
1476,41,11,503.16,25.55,3,prepaid,south,10,1
1477,36,68,306.53,30.3,2,postpaid,north,10,0
1478,64,47,224.74,17.73,6,prepaid,east,14,1
1479,40,53,302.15,17.35,3,prepaid,north,12,1
1480,55,73,715.86,50.82,4,prepaid,west,8,0
1481,27,37,744.61,33.74,5,prepaid,east,0,0
1482,20,79,180.49,30.16,6,prepaid,east,5,0
1483,67,82,594.53,45.74,7,postpaid,east,10,1
1484,54,26,543.12,6.59,5,postpaid,west,7,1
1485,65,22,491.84,38.4,3,prepaid,south,3,0
1486,38,46,471.94,40.17,1,prepaid,north,5,0
1487,66,21,974.84,5.52,6,prepaid,east,1,1
1488,64,49,501.84,54.96,4,postpaid,east,14,1
1489,30,80,636.28,39.67,3,postpaid,east,5,0
1490,37,15,891.08,47.69,2,prepaid,south,0,0
1491,27,17,415.65,41.3,4,prepaid,east,3,0
1492,69,50,924.78,25.72,1,prepaid,east,2,1
1493,36,18,804.14,11.96,7,postpaid,east,2,1
1494,34,53,421.89,41.22,2,postpaid,north,7,0
1495,50,82,557.58,45.37,2,prepaid,west,7,0
1496,21,30,363.72,58.07,4,prepaid,south,9,0
1497,45,74,993.82,11.95,7,postpaid,south,14,1
1498,43,6,374.79,34.73,0,postpaid,north,10,1
1499,33,47,704.9,27.31,5,prepaid,north,3,0
1500,65,63,895.87,23.53,4,prepaid,south,14,0
1501,64,46,396.38,0.85,7,prepaid,south,11,1
1502,57,81,674.91,34.6,6,postpaid,west,1,0
1503,23,47,920.88,36.16,1,prepaid,north,11,0
1504,38,79,618.9,12.41,3,prepaid,west,10,0
1505,31,21,762.23,41.94,2,postpaid,west,1,0
1506,58,49,955.8,40.31,4,prepaid,west,7,0
1507,32,38,593.1,24.51,4,postpaid,south,10,1
1508,32,0,338.39,9.8,4,prepaid,west,7,1
1509,62,27,927.38,32.38,1,prepaid,east,12,0
1510,18,23,836.14,17.42,5,postpaid,west,3,1
1511,22,20,926.18,5.31,6,prepaid,south,1,1
1512,40,8,220.52,53.89,1,prepaid,east,13,1
1513,18,66,643.2,3.11,4,prepaid,east,6,0
1514,55,76,141.52,14.12,2,prepaid,north,2,0
1515,48,83,672.32,22.63,1,prepaid,south,4,0
1516,42,16,141.47,35.58,7,prepaid,east,8,1
1517,61,27,658.12,11.91,2,prepaid,south,11,1
1518,53,1,897.3,35.2,3,prepaid,north,1,0
1519,33,7,661.22,27.89,3,postpaid,west,0,1
1520,55,59,701.7,49.13,0,postpaid,west,10,0
1521,29,5,358.31,12.06,5,prepaid,north,3,1
1522,69,33,122.85,19.01,5,prepaid,east,13,1
1523,19,38,629.11,30.65,1,postpaid,east,12,1
1524,43,82,458.97,27.92,1,prepaid,north,6,0
1525,47,29,682.08,15.17,2,prepaid,north,1,0
1526,67,61,330.66,23.31,2,prepaid,west,8,1
1527,57,75,786.61,8.87,3,postpaid,east,13,0
1528,42,75,593.29,49.6,4,prepaid,south,4,0
1529,49,54,377.06,56.39,1,postpaid,north,10,0
1530,53,48,475.69,27.34,0,postpaid,south,6,1
1531,50,43,247.98,57.65,3,prepaid,north,5,1
1532,57,79,436.02,56.41,1,postpaid,north,10,0
1533,54,23,459.29,30.94,2,prepaid,north,4,0
1534,24,24,928.53,43.53,3,postpaid,north,10,1
1535,46,67,656.27,25.76,5,postpaid,north,6,1
1536,19,34,340.08,14.04,4,postpaid,south,4,1
1537,56,9,398.95,55.08,1,postpaid,north,5,0
1538,41,48,651.79,20.45,2,postpaid,north,2,0
1539,37,20,531.28,27.73,1,prepaid,south,7,0
1540,40,53,967.94,34.43,7,prepaid,east,10,1
1541,52,35,914.18,15.5,4,postpaid,east,0,1
1542,66,55,902.91,41.46,4,postpaid,north,8,0
1543,19,24,834.3,50.51,0,prepaid,north,1,0
1544,29,60,988.25,49.61,7,postpaid,east,13,1
1545,51,33,699.67,5.97,2,postpaid,west,1,0
1546,58,32,101.0,51.55,5,prepaid,north,12,0
1547,57,15,674.09,49.68,4,prepaid,east,11,1
1548,51,52,551.55,0.74,0,prepaid,south,5,0
1549,52,79,262.91,8.92,6,prepaid,west,9,1
1550,43,24,322.13,4.0,3,prepaid,west,4,1
1551,66,4,969.26,30.22,6,prepaid,north,2,1
1552,36,13,713.38,6.84,0,prepaid,north,5,1
1553,67,82,771.95,47.64,6,prepaid,south,2,0
1554,19,71,968.58,14.23,1,prepaid,south,4,0
1555,35,45,165.51,9.49,6,prepaid,east,6,1
1556,22,65,638.21,55.09,3,prepaid,north,9,0
1557,69,34,115.43,58.31,5,prepaid,east,12,1
1558,45,21,364.98,54.03,6,postpaid,north,1,1
1559,56,26,628.7,34.91,5,postpaid,south,12,1
1560,61,53,748.31,27.99,2,prepaid,west,7,0
1561,65,49,641.0,21.03,4,prepaid,east,0,0
1562,36,66,816.61,57.12,4,prepaid,south,14,1
1563,24,46,176.31,31.57,4,postpaid,north,11,1
1564,31,62,720.18,52.49,7,postpaid,east,5,1
1565,63,18,932.32,44.77,7,prepaid,north,14,1
1566,28,42,858.55,56.67,7,prepaid,south,7,0
1567,43,57,411.03,25.44,5,postpaid,east,13,1
1568,61,62,691.34,3.97,7,prepaid,west,6,0
1569,37,66,262.42,11.23,3,prepaid,east,5,0
1570,41,5,616.9,3.25,0,prepaid,south,7,0
1571,46,35,791.24,25.13,7,prepaid,east,11,0
1572,67,64,940.42,5.36,5,prepaid,east,1,0
1573,62,14,347.34,26.56,3,prepaid,north,9,1
1574,33,5,119.69,51.15,6,prepaid,north,3,1
1575,51,83,590.34,39.08,7,prepaid,south,12,1
1576,18,6,303.88,56.26,5,prepaid,south,10,1
1577,44,76,372.44,17.24,0,postpaid,north,2,0
1578,37,11,571.88,8.99,7,prepaid,west,14,1
1579,36,41,99.23,24.42,0,prepaid,south,11,1
1580,23,42,976.23,35.22,0,prepaid,east,7,0
1581,20,59,387.85,54.19,5,prepaid,south,5,1
1582,21,27,114.4,51.05,3,postpaid,east,12,1
1583,35,53,871.94,38.11,4,postpaid,north,3,0
1584,37,31,761.97,37.44,7,prepaid,north,3,0
1585,64,70,402.57,56.76,1,prepaid,west,1,0
1586,46,53,344.88,34.58,1,prepaid,south,1,0
1587,21,49,421.61,22.4,2,postpaid,west,8,0
1588,52,83,945.14,18.0,5,prepaid,west,8,0
1589,21,81,780.7,6.97,0,prepaid,west,3,0
1590,66,26,412.61,19.76,2,postpaid,south,0,0
1591,69,67,796.52,49.21,5,postpaid,north,3,0
1592,34,57,857.32,37.07,5,postpaid,south,13,1
1593,48,8,765.52,31.38,2,prepaid,east,11,1
1594,23,7,516.32,20.03,6,postpaid,east,1,1
1595,52,25,372.96,1.71,2,prepaid,north,11,1
1596,68,17,265.37,58.69,2,prepaid,east,13,1
1597,68,56,142.5,10.89,1,postpaid,north,11,0
1598,60,2,567.39,28.48,5,prepaid,south,6,1
1599,61,35,721.07,59.35,0,prepaid,west,4,0
1600,63,14,697.46,45.31,1,postpaid,south,5,0
1601,69,41,860.52,50.84,7,prepaid,south,10,0
1602,47,79,427.44,29.99,7,prepaid,north,2,0
1603,64,49,967.02,21.81,4,postpaid,north,5,1
1604,34,42,959.34,39.12,5,postpaid,north,14,1
1605,68,71,596.8,49.76,3,prepaid,east,8,0
1606,54,38,723.16,13.22,3,prepaid,north,7,0
1607,24,56,833.36,57.34,6,postpaid,north,12,1
1608,48,74,427.7,47.97,1,prepaid,west,7,0
1609,30,53,395.92,52.54,1,postpaid,north,11,0
1610,43,35,907.78,25.29,3,prepaid,south,6,0
1611,51,15,497.23,32.22,6,postpaid,east,1,1
1612,69,42,854.51,8.41,0,prepaid,west,5,0
1613,44,33,212.55,21.81,4,postpaid,west,9,1
1614,48,19,729.91,16.2,2,prepaid,east,7,0
1615,33,73,775.38,5.02,1,postpaid,east,2,0
1616,65,43,264.07,41.37,7,postpaid,north,4,1
1617,40,12,441.97,37.55,4,prepaid,west,11,1
1618,68,79,947.82,25.51,7,prepaid,south,6,0
1619,23,5,407.27,1.74,4,prepaid,north,0,1
1620,27,40,272.15,41.49,6,prepaid,north,11,1
1621,29,26,683.73,11.94,7,prepaid,south,2,1
1622,58,28,931.63,43.27,3,prepaid,south,0,0
1623,58,13,400.66,45.03,4,postpaid,north,8,1
1624,35,7,234.61,32.6,7,postpaid,west,11,1
1625,54,65,908.07,51.5,2,prepaid,east,11,0
1626,34,33,288.32,23.07,2,postpaid,west,14,1
1627,63,65,282.6,45.35,5,prepaid,east,6,0
1628,64,14,570.33,35.97,6,prepaid,east,13,1
1629,34,71,868.72,30.2,0,postpaid,west,13,0
1630,36,7,832.35,4.34,7,prepaid,north,9,1
1631,35,60,512.89,42.1,4,postpaid,north,5,0
1632,24,59,300.07,4.71,4,prepaid,east,5,0
1633,47,8,470.52,14.99,1,prepaid,south,2,0
1634,20,53,563.9,29.08,2,postpaid,north,10,0
1635,50,11,544.01,45.51,4,prepaid,east,4,0
1636,26,22,396.7,13.3,2,prepaid,east,14,1
1637,47,38,703.51,37.62,6,prepaid,south,6,0
1638,20,28,226.7,34.94,3,postpaid,east,10,1
1639,56,38,192.94,42.09,2,prepaid,north,12,0
1640,30,82,102.61,12.75,3,postpaid,east,13,1
1641,27,46,729.99,54.18,2,postpaid,north,13,1
1642,40,47,221.79,11.75,1,postpaid,north,13,1
1643,52,40,568.82,6.01,5,prepaid,west,9,1
1644,58,29,261.69,46.39,6,prepaid,north,10,1
1645,64,24,659.24,47.06,0,postpaid,east,2,1
1646,67,14,739.89,55.48,0,postpaid,south,4,0
1647,24,32,599.26,14.77,0,postpaid,east,4,1
1648,49,75,949.34,13.83,7,postpaid,north,13,1
1649,52,81,686.23,18.74,4,prepaid,north,2,0
1650,51,46,561.29,13.05,0,postpaid,south,13,1
1651,63,75,339.69,23.78,0,prepaid,north,10,0
1652,34,44,784.72,17.17,0,postpaid,north,3,0
1653,46,24,255.65,19.52,3,prepaid,north,8,1
1654,51,57,116.75,4.76,4,postpaid,east,13,1
1655,43,52,336.9,53.96,2,postpaid,north,13,0
1656,55,7,322.92,14.44,0,prepaid,west,10,0
1657,32,66,335.59,46.14,3,postpaid,east,5,0
1658,29,47,724.28,50.57,1,postpaid,east,0,0
1659,23,60,141.81,25.06,3,prepaid,south,0,0
1660,54,62,717.73,28.68,0,prepaid,south,5,0
1661,47,19,227.74,45.9,7,postpaid,south,10,1
1662,40,3,455.44,40.64,3,postpaid,north,12,1
1663,19,29,715.87,43.92,4,prepaid,north,2,0
1664,18,35,930.48,49.17,3,prepaid,east,7,0
1665,60,4,837.99,10.33,3,postpaid,north,12,1
1666,27,15,975.91,26.35,1,postpaid,west,6,0
1667,34,4,963.89,6.03,1,postpaid,south,13,1
1668,23,14,609.18,34.99,0,postpaid,north,9,1
1669,37,14,960.05,17.77,2,postpaid,south,5,1
1670,69,35,926.6,18.77,2,prepaid,north,1,0
1671,38,19,209.08,56.17,3,prepaid,south,14,1
1672,39,57,585.95,25.5,0,prepaid,south,6,0
1673,46,2,479.47,28.15,0,prepaid,east,4,1
1674,30,7,636.6,33.16,2,postpaid,north,3,1
1675,63,82,915.51,6.65,7,prepaid,west,7,0
1676,26,33,335.8,14.65,2,postpaid,west,13,1
1677,24,66,676.55,15.06,5,prepaid,west,9,0
1678,66,19,668.83,18.88,6,postpaid,north,0,0
1679,44,5,835.19,45.5,7,prepaid,east,0,1
1680,30,11,818.19,17.07,2,postpaid,north,5,0
1681,19,79,133.45,5.99,2,prepaid,south,5,0
1682,55,1,915.97,3.35,5,prepaid,east,2,1
1683,66,28,549.19,43.31,0,prepaid,east,2,0
1684,66,77,916.19,10.81,0,prepaid,north,9,0
1685,34,55,331.98,47.34,4,prepaid,west,3,0
1686,23,24,117.08,1.11,6,prepaid,north,4,1
1687,54,34,636.27,29.69,6,postpaid,north,11,1
1688,30,0,411.22,36.46,7,prepaid,east,2,1
1689,60,25,841.18,16.03,5,postpaid,south,2,1
1690,66,20,746.19,49.25,7,prepaid,north,4,1
1691,56,1,229.05,26.77,4,prepaid,north,14,1
1692,57,71,969.52,32.38,5,prepaid,west,9,0
1693,36,31,337.31,28.79,3,postpaid,south,1,0
1694,69,71,940.1,40.72,1,prepaid,north,5,0
1695,68,22,497.12,16.82,7,prepaid,east,12,1
1696,41,27,740.42,59.33,5,prepaid,south,7,0
1697,37,78,901.72,5.65,7,postpaid,north,11,1
1698,24,69,461.9,38.49,4,postpaid,north,6,0
1699,38,25,203.7,52.7,0,postpaid,north,3,0
1700,63,16,778.31,42.23,0,prepaid,south,6,0
1701,44,5,914.31,42.84,3,prepaid,east,9,1
1702,60,66,224.47,3.23,5,postpaid,south,13,0
1703,67,62,207.69,43.2,5,postpaid,south,0,0
1704,19,23,729.93,19.63,5,postpaid,south,10,1
1705,61,78,479.87,17.0,5,prepaid,south,7,1
1706,21,61,577.02,12.82,5,postpaid,west,9,1
1707,58,63,729.92,4.2,1,prepaid,north,1,0
1708,29,52,875.93,56.36,6,prepaid,north,13,1
1709,42,80,133.84,33.51,1,postpaid,north,11,0
1710,29,77,651.03,51.15,6,postpaid,south,14,0
1711,24,32,845.9,37.59,7,postpaid,north,3,1
1712,29,13,850.21,16.79,0,prepaid,east,13,1
1713,36,72,674.7,50.09,3,prepaid,west,5,0
1714,19,2,665.95,35.99,5,prepaid,west,5,1
1715,63,53,595.26,25.67,1,postpaid,east,5,0
1716,22,76,318.23,24.14,5,postpaid,south,3,0
1717,61,55,395.96,7.0,2,prepaid,west,8,0
1718,25,69,327.69,9.25,0,postpaid,west,4,0
1719,66,6,824.74,5.44,7,postpaid,south,2,1
1720,46,72,318.58,3.69,6,postpaid,east,10,1
1721,25,68,128.59,23.14,3,prepaid,west,3,0
1722,60,82,501.12,8.05,7,prepaid,east,10,0
1723,54,80,159.58,13.09,7,prepaid,west,12,1
1724,20,4,240.69,45.56,6,prepaid,north,3,1
1725,38,41,448.84,33.96,6,prepaid,west,6,1
1726,23,7,899.93,31.02,5,prepaid,south,7,1
1727,29,79,731.52,12.93,4,prepaid,south,14,0
1728,34,42,656.24,23.55,4,postpaid,east,4,1
1729,47,68,550.68,58.79,1,prepaid,east,12,0
1730,65,21,378.15,5.34,6,postpaid,south,9,1
1731,65,22,420.77,9.1,7,prepaid,north,4,1
1732,51,35,517.9,38.59,7,prepaid,south,14,1
1733,30,24,293.63,21.23,2,prepaid,north,2,0
1734,35,67,483.26,54.06,3,prepaid,west,10,0
1735,54,83,176.17,56.78,2,postpaid,north,12,0
1736,47,25,203.75,53.21,4,postpaid,north,10,1
1737,30,16,227.61,59.91,5,postpaid,north,6,1
1738,37,65,142.18,41.94,2,postpaid,east,9,1
1739,53,37,842.27,12.76,4,postpaid,north,10,0
1740,39,41,187.91,53.09,1,prepaid,south,11,0
1741,24,41,676.95,33.5,1,prepaid,north,10,1
1742,39,65,961.67,0.91,6,prepaid,north,13,1
1743,32,47,728.98,28.06,1,prepaid,east,11,0
1744,55,2,689.85,11.34,2,prepaid,south,1,1
1745,24,59,481.43,53.94,0,prepaid,south,5,0
1746,65,10,323.3,39.38,1,postpaid,north,6,1
1747,49,35,302.93,19.74,0,postpaid,north,1,0
1748,54,34,389.75,1.15,4,prepaid,east,0,0
1749,21,38,892.83,26.92,3,postpaid,west,13,0
1750,67,11,888.2,12.51,7,prepaid,north,1,1
1751,39,58,899.32,55.42,0,postpaid,south,14,0
1752,48,33,349.53,9.87,6,postpaid,east,0,1
1753,37,62,921.24,38.64,4,postpaid,west,11,0
1754,61,4,656.08,39.63,1,prepaid,south,3,1
1755,40,65,761.91,16.33,3,prepaid,north,0,0
1756,59,25,618.39,48.57,1,prepaid,east,3,1
1757,43,10,862.47,39.39,0,postpaid,south,9,1
1758,54,80,657.01,58.53,1,prepaid,north,14,0
1759,54,36,822.94,28.85,0,postpaid,south,14,0
1760,25,25,588.13,42.85,0,prepaid,south,8,0
1761,50,42,503.69,59.89,6,postpaid,east,1,1
1762,54,4,621.0,24.2,4,prepaid,south,10,1
1763,24,66,327.48,34.18,7,postpaid,north,0,1
1764,61,49,408.67,1.22,3,prepaid,south,6,0
1765,28,73,696.07,34.45,3,prepaid,north,1,0
1766,38,59,315.95,24.72,4,postpaid,north,0,0
1767,39,21,543.24,30.17,2,prepaid,north,11,1
1768,41,36,877.41,4.88,6,prepaid,east,12,1
1769,35,0,748.04,11.1,2,prepaid,south,3,0
1770,68,55,895.46,29.27,7,prepaid,east,5,0
1771,69,38,144.66,13.81,1,postpaid,north,4,0
1772,67,31,489.28,26.61,2,postpaid,east,10,1
1773,40,57,199.35,2.29,3,postpaid,south,3,1
1774,28,76,949.14,38.09,0,postpaid,north,1,0
1775,31,64,559.77,36.57,4,prepaid,west,10,0
1776,25,13,353.98,28.66,4,prepaid,north,12,1
1777,41,9,582.45,43.67,7,postpaid,north,14,1
1778,22,16,195.01,49.84,7,prepaid,west,10,1
1779,67,79,458.49,46.48,6,prepaid,east,6,0
1780,69,54,864.88,35.68,6,prepaid,east,6,1
1781,24,46,826.66,20.32,2,postpaid,south,2,0
1782,47,49,247.02,22.03,4,prepaid,west,2,0
1783,29,17,850.39,51.99,6,prepaid,south,9,1
1784,59,16,492.15,28.4,5,prepaid,west,4,1
1785,54,53,291.14,31.73,5,prepaid,north,13,1
1786,55,4,153.33,1.47,6,prepaid,south,13,1
1787,24,52,923.29,21.03,3,prepaid,east,6,0
1788,26,3,622.08,16.36,0,prepaid,south,1,1
1789,68,69,491.5,20.38,4,prepaid,east,5,0
1790,62,70,164.53,42.86,2,postpaid,east,2,0
1791,41,38,403.76,28.54,5,prepaid,east,4,0
1792,27,27,641.42,2.72,4,postpaid,north,3,1
1793,56,16,345.76,53.52,3,prepaid,east,3,1
1794,61,73,137.25,43.83,7,postpaid,west,0,1
1795,55,75,658.43,50.98,5,prepaid,east,14,0
1796,66,45,142.07,42.71,4,prepaid,north,12,1
1797,46,23,954.04,8.24,0,prepaid,north,12,0
1798,49,16,616.65,18.75,6,postpaid,east,2,1
1799,23,82,528.55,48.44,5,prepaid,east,7,0
1800,23,14,885.34,15.76,1,prepaid,east,3,0
1801,27,79,243.01,20.22,1,postpaid,west,6,0
1802,56,20,346.44,50.46,4,postpaid,north,4,1
1803,58,45,231.17,37.57,7,postpaid,west,8,1
1804,22,52,373.0,49.42,3,prepaid,south,1,0
1805,57,24,155.6,47.42,7,postpaid,east,1,1
1806,25,34,907.68,10.69,2,prepaid,west,13,0
1807,22,5,491.12,37.4,1,prepaid,south,12,1
1808,44,35,314.99,54.41,1,postpaid,west,1,0
1809,37,69,468.48,42.83,1,prepaid,south,7,0
1810,65,73,620.51,54.95,0,prepaid,east,4,0
1811,61,16,420.26,29.27,7,prepaid,north,4,1
1812,24,75,177.05,8.47,7,prepaid,east,11,1
1813,33,19,479.97,25.43,2,prepaid,south,4,0
1814,22,36,821.11,57.59,4,prepaid,west,8,0
1815,32,42,537.66,11.09,1,prepaid,north,5,1
1816,53,40,774.2,53.44,7,postpaid,north,10,1
1817,33,76,841.53,32.01,2,prepaid,south,11,1
1818,43,44,606.6,48.69,3,postpaid,east,2,0
1819,56,46,161.08,19.15,3,postpaid,south,12,1
1820,40,45,529.3,12.61,1,prepaid,south,1,0
1821,68,76,944.39,4.01,5,prepaid,north,9,1
1822,34,3,521.67,42.96,0,prepaid,west,8,1
1823,54,16,325.87,51.21,1,prepaid,north,5,0
1824,44,66,181.25,24.25,4,prepaid,west,11,1
1825,30,11,767.65,47.14,6,prepaid,north,6,1
1826,57,49,206.82,44.74,7,postpaid,west,9,1
1827,23,80,670.7,12.21,0,prepaid,north,9,0
1828,52,41,778.06,43.59,2,prepaid,north,5,0
1829,37,64,317.91,57.58,2,prepaid,north,9,0
1830,34,10,305.08,48.88,1,prepaid,west,2,1
1831,26,81,103.47,24.07,2,prepaid,north,2,0
1832,18,24,579.02,58.6,7,postpaid,north,10,1
1833,26,49,245.84,1.77,7,postpaid,west,8,1
1834,51,30,107.08,57.56,0,prepaid,south,3,0
1835,50,28,623.87,9.73,3,prepaid,west,0,1
1836,53,82,222.67,17.2,4,prepaid,east,0,0
1837,69,40,279.08,9.5,7,prepaid,east,2,1
1838,24,53,866.31,26.91,3,postpaid,east,4,1
1839,44,71,624.99,6.97,5,prepaid,east,3,0
1840,42,74,617.7,38.1,6,postpaid,north,10,0
1841,41,39,271.52,44.87,0,postpaid,west,4,0
1842,56,41,503.48,25.45,7,prepaid,west,4,1
1843,19,24,530.76,26.81,2,prepaid,east,1,0
1844,50,74,322.25,25.57,1,prepaid,north,12,1
1845,21,6,763.89,6.23,2,prepaid,south,5,0
1846,19,53,331.32,43.44,6,prepaid,south,8,1
1847,66,34,245.04,46.42,6,prepaid,north,10,1
1848,30,50,605.05,47.39,0,prepaid,north,13,0
1849,43,61,172.54,6.44,3,prepaid,north,3,0
1850,63,22,304.51,16.14,3,prepaid,north,1,1
1851,28,24,187.23,9.78,0,postpaid,north,8,1
1852,30,71,815.1,14.22,6,prepaid,south,4,0
1853,55,2,567.89,4.02,7,prepaid,east,8,1
1854,41,75,279.64,55.32,4,prepaid,east,11,0
1855,52,2,951.05,33.36,4,prepaid,south,6,0
1856,54,33,299.55,19.52,7,prepaid,west,9,1
1857,24,69,732.75,30.04,0,postpaid,north,12,0
1858,46,16,296.6,26.59,6,prepaid,north,11,1
1859,41,76,124.96,6.3,7,postpaid,east,11,1
1860,65,58,738.48,9.32,6,postpaid,west,7,1
1861,25,61,936.03,28.78,0,postpaid,south,10,0
1862,66,7,813.3,51.08,0,postpaid,west,9,1
1863,61,61,527.18,33.39,0,prepaid,west,7,0
1864,37,47,779.79,9.68,2,postpaid,east,7,0
1865,49,28,352.26,21.15,3,postpaid,north,1,1
1866,55,74,131.29,27.79,2,prepaid,north,10,0
1867,24,24,519.1,24.76,3,postpaid,west,14,1
1868,24,63,877.9,5.44,6,postpaid,south,11,0
1869,64,39,243.59,18.73,2,postpaid,east,7,1
1870,58,33,757.3,40.23,6,postpaid,north,10,1
1871,37,36,657.52,3.12,7,postpaid,south,10,1
1872,46,56,174.65,39.23,6,postpaid,north,5,1
1873,38,48,333.12,44.06,5,postpaid,north,5,1
1874,38,6,537.02,30.61,2,postpaid,north,6,1
1875,56,52,871.54,40.97,5,prepaid,south,12,0
1876,43,70,671.4,18.85,7,prepaid,south,11,1
1877,22,72,260.53,46.96,4,postpaid,west,4,0
1878,31,41,948.99,17.94,1,postpaid,east,6,0
1879,51,73,658.51,9.73,3,prepaid,north,3,0
1880,55,78,627.86,47.81,3,prepaid,east,0,0
1881,44,82,270.9,34.09,1,prepaid,east,3,0
1882,48,32,284.73,21.89,0,prepaid,east,13,0
1883,23,2,354.04,54.52,5,prepaid,east,2,1
1884,41,5,807.18,27.69,7,prepaid,south,2,1
1885,23,53,227.29,28.29,4,postpaid,west,5,1
1886,64,66,371.55,53.53,2,prepaid,south,1,0
1887,57,72,223.37,37.24,4,prepaid,east,14,1
1888,24,83,841.38,16.79,6,postpaid,south,4,0
1889,41,56,260.83,39.77,1,postpaid,north,9,1
1890,46,54,832.58,39.38,3,postpaid,east,3,0
1891,55,30,824.61,32.04,0,postpaid,south,6,1
1892,65,15,160.54,34.41,5,prepaid,east,2,1
1893,55,21,815.31,37.42,1,prepaid,north,4,0
1894,64,18,791.86,18.95,1,postpaid,south,6,0
1895,31,77,654.69,51.27,3,prepaid,north,11,0
1896,61,78,262.59,26.61,5,prepaid,south,12,0
1897,62,59,324.19,40.92,1,prepaid,east,13,0
1898,50,16,906.07,30.7,1,postpaid,south,2,1
1899,59,31,679.84,27.8,6,prepaid,north,10,1
1900,58,6,669.17,18.17,6,prepaid,south,8,1
1901,36,53,806.77,41.93,2,prepaid,south,13,0
1902,24,10,188.96,44.93,0,prepaid,east,5,0
1903,25,40,212.52,41.54,2,prepaid,south,13,0
1904,63,48,468.48,1.27,1,prepaid,south,12,1
1905,40,41,418.16,51.2,3,postpaid,west,1,0
1906,30,9,536.22,54.23,5,prepaid,south,13,1
1907,21,71,246.16,1.99,4,prepaid,north,9,1
1908,20,41,213.92,11.93,2,prepaid,south,6,1
1909,56,45,535.56,15.39,0,postpaid,south,3,0
1910,53,19,725.81,47.18,3,prepaid,north,6,0
1911,50,83,608.46,7.24,3,prepaid,west,14,0
1912,39,55,753.86,32.64,7,prepaid,north,11,1
1913,48,54,360.48,23.26,6,postpaid,north,10,1
1914,61,31,465.81,15.42,0,prepaid,west,13,0
1915,37,58,909.45,12.65,2,postpaid,north,3,0
1916,58,45,747.88,6.02,1,prepaid,west,11,0
1917,51,3,140.34,43.48,0,prepaid,south,5,0
1918,62,33,316.09,15.44,2,postpaid,west,13,1
1919,49,83,535.55,30.73,5,postpaid,south,4,0
1920,64,20,518.68,32.82,0,prepaid,north,3,1
1921,24,82,156.1,21.5,6,prepaid,east,13,0
1922,47,28,109.33,53.74,6,prepaid,west,11,1
1923,23,79,651.08,20.33,1,prepaid,east,7,0
1924,41,81,347.94,29.34,3,postpaid,north,5,0
1925,34,80,878.51,20.22,6,postpaid,north,13,0
1926,67,8,905.99,45.89,2,prepaid,north,8,0
1927,42,21,217.61,47.31,6,postpaid,north,10,1
1928,69,35,202.91,40.95,7,prepaid,south,14,1
1929,45,61,558.93,38.77,7,prepaid,north,13,0
1930,38,80,304.83,17.53,4,prepaid,west,1,0
1931,54,67,478.58,49.48,3,prepaid,east,10,0
1932,64,83,224.91,33.51,2,prepaid,east,6,0
1933,21,44,321.06,0.63,7,prepaid,north,14,1
1934,63,39,212.52,55.23,0,postpaid,east,8,0
1935,60,33,361.29,31.59,7,postpaid,north,14,1
1936,48,28,659.15,36.34,3,prepaid,north,0,0
1937,46,58,580.72,13.27,6,prepaid,north,12,0
1938,54,27,832.23,30.37,2,prepaid,south,10,0
1939,43,71,944.91,58.55,5,prepaid,north,13,0
1940,57,83,136.87,17.66,3,postpaid,east,1,0
1941,61,63,877.28,43.29,6,prepaid,east,7,0
1942,67,36,978.97,52.06,4,prepaid,east,8,0
1943,56,20,761.38,45.05,5,prepaid,east,10,0
1944,36,60,218.9,43.05,3,postpaid,south,3,0
1945,36,46,649.01,18.69,4,postpaid,west,3,0
1946,56,6,277.57,39.66,6,postpaid,south,4,1
1947,62,75,214.38,41.11,4,postpaid,north,7,1
1948,63,3,604.88,33.72,3,postpaid,west,7,1
1949,26,22,247.51,2.81,3,postpaid,south,9,1
1950,36,8,907.52,54.99,1,prepaid,north,10,0
1951,64,62,546.89,13.45,3,prepaid,west,4,0
1952,22,4,553.88,38.97,2,postpaid,south,11,1
1953,60,81,550.1,16.07,0,postpaid,south,0,0
1954,20,69,689.45,20.01,7,prepaid,north,5,1
1955,68,68,706.88,49.14,5,prepaid,west,2,0
1956,49,52,766.09,48.38,5,postpaid,south,13,1
1957,57,76,591.77,11.86,3,prepaid,east,3,0
1958,39,58,642.2,47.05,6,prepaid,north,13,1
1959,25,40,197.52,32.22,1,postpaid,east,2,1
1960,42,82,197.6,38.64,6,prepaid,west,8,0
1961,51,11,603.54,33.36,5,postpaid,east,4,1
1962,44,51,596.87,26.98,2,postpaid,east,10,1
1963,19,74,183.52,2.69,2,prepaid,south,9,1
1964,26,34,780.3,34.14,3,postpaid,west,14,1
1965,42,23,828.37,5.63,7,prepaid,north,9,1
1966,52,28,330.71,0.96,6,prepaid,east,0,0
1967,56,4,218.72,23.86,3,prepaid,east,1,1
1968,60,54,302.81,58.38,6,postpaid,north,3,1
1969,44,79,887.62,31.76,7,postpaid,south,10,0
1970,46,83,305.8,19.93,3,prepaid,east,13,1
1971,26,54,226.73,55.83,0,prepaid,north,2,0
1972,46,82,486.21,8.12,2,postpaid,north,5,0
1973,33,34,543.44,8.77,7,prepaid,west,8,1
1974,56,25,881.89,42.19,5,postpaid,east,0,0
1975,51,64,471.67,11.48,4,postpaid,north,1,0
1976,32,41,194.12,54.95,1,postpaid,south,2,0
1977,46,77,845.1,28.94,5,prepaid,east,0,0
1978,22,4,307.61,5.12,2,prepaid,north,12,1
1979,27,10,516.47,32.76,2,postpaid,east,12,1
1980,33,9,887.77,13.51,6,prepaid,south,14,1
1981,56,3,960.94,25.64,4,prepaid,east,2,1
1982,32,46,239.4,33.29,4,postpaid,east,10,1
1983,41,70,444.45,41.51,3,postpaid,west,10,0
1984,42,26,573.46,38.04,6,prepaid,west,0,0
1985,35,49,242.28,25.22,0,prepaid,east,9,0
1986,32,58,674.05,43.17,2,prepaid,north,11,0
1987,54,44,608.16,56.55,7,postpaid,west,3,1
1988,42,41,649.04,9.84,0,prepaid,north,7,1
1989,40,59,993.8,13.15,7,prepaid,west,4,1
1990,28,10,294.58,59.51,3,prepaid,east,13,1
1991,40,24,935.05,42.8,6,postpaid,north,0,1
1992,51,25,104.12,26.9,6,postpaid,east,1,1
1993,58,45,434.33,10.64,6,postpaid,north,1,1
1994,57,13,783.77,58.99,4,postpaid,north,1,1
1995,65,77,709.34,10.08,5,postpaid,north,2,0
1996,58,39,872.94,24.0,7,postpaid,west,5,0
1997,22,40,614.04,26.8,7,postpaid,south,7,1
1998,47,68,532.0,39.83,3,prepaid,west,11,0
1999,69,39,873.8,3.58,0,postpaid,east,7,0
2000,61,12,398.73,17.94,6,postpaid,west,4,1
2001,52,23,146.89,41.13,6,prepaid,north,0,1
2002,46,74,234.08,32.03,4,prepaid,east,5,0
2003,32,30,475.16,20.85,1,prepaid,west,11,0
2004,61,9,130.89,35.77,0,prepaid,north,9,1
2005,48,30,662.92,37.98,5,prepaid,east,10,1
2006,37,45,153.22,52.6,1,prepaid,west,4,0
2007,48,43,912.65,38.71,2,prepaid,north,13,0
2008,59,81,316.3,35.68,3,prepaid,east,8,0
2009,69,28,610.82,43.03,4,prepaid,east,14,1
2010,19,60,916.22,14.82,3,prepaid,north,6,0
2011,61,48,387.63,57.4,2,prepaid,north,11,1
2012,57,25,376.39,16.64,5,prepaid,north,0,1
2013,43,64,148.93,9.67,7,prepaid,east,11,1
2014,63,23,439.83,51.88,0,prepaid,east,9,0
2015,29,41,166.2,4.5,0,postpaid,north,13,1
2016,56,68,611.88,46.93,1,postpaid,east,6,0
2017,32,43,823.75,37.15,1,postpaid,east,10,0
2018,44,32,109.97,57.75,4,postpaid,east,11,1
2019,46,4,743.7,57.93,6,postpaid,west,2,1
2020,52,5,428.27,49.58,2,prepaid,east,5,1
2021,31,68,683.25,59.88,1,prepaid,east,3,0
2022,56,74,629.49,2.5,4,prepaid,north,0,0
2023,43,46,809.26,51.39,6,prepaid,north,1,0
2024,48,50,618.19,11.02,1,postpaid,north,6,0
2025,30,12,219.55,14.21,1,prepaid,north,0,1
2026,40,59,769.89,42.82,7,prepaid,north,7,1
2027,28,76,356.81,34.93,0,prepaid,east,13,0
2028,38,18,352.18,7.79,1,postpaid,south,7,0
2029,58,45,121.43,4.5,5,postpaid,east,7,1
2030,28,65,358.29,45.34,6,postpaid,south,12,1
2031,20,69,448.77,11.13,7,prepaid,north,2,1
2032,28,21,754.36,54.36,7,prepaid,east,13,1
2033,33,73,117.77,18.34,4,prepaid,north,11,1
2034,39,56,804.54,34.6,1,prepaid,west,13,0
2035,50,69,417.1,28.09,3,postpaid,north,4,1
2036,54,44,952.68,33.88,6,prepaid,east,4,0
2037,57,66,812.47,28.17,5,postpaid,north,3,0
2038,39,76,479.87,41.01,3,prepaid,west,3,0
2039,47,6,694.76,54.13,5,prepaid,west,11,1
2040,34,11,357.45,3.06,4,prepaid,east,9,1
2041,34,45,427.21,47.82,6,prepaid,north,14,1
2042,25,19,691.03,55.37,5,postpaid,south,12,1
2043,45,9,438.32,33.83,2,prepaid,south,3,0
2044,32,74,525.17,38.24,1,prepaid,south,12,0
2045,34,45,849.01,49.16,4,postpaid,north,13,0
2046,43,43,698.57,39.89,7,prepaid,north,9,1
2047,24,46,695.17,32.75,2,postpaid,south,5,0
2048,24,6,976.0,10.03,5,postpaid,south,9,1
2049,34,63,974.32,8.14,7,prepaid,south,14,0
2050,38,19,210.0,41.96,6,prepaid,north,1,1
2051,24,59,937.52,23.25,3,prepaid,south,11,0
2052,68,69,409.28,3.1,0,prepaid,south,13,0
2053,23,58,861.73,42.61,3,prepaid,north,3,0
2054,53,54,162.26,21.79,5,postpaid,north,4,1
2055,59,78,206.31,35.68,0,prepaid,south,1,0
2056,29,41,288.47,35.32,1,prepaid,south,2,0
2057,19,26,759.43,34.42,1,prepaid,east,12,0
2058,55,17,419.6,33.85,1,prepaid,north,7,1
2059,36,58,725.0,0.92,5,prepaid,north,6,0
2060,64,48,421.89,58.85,5,postpaid,east,2,1
2061,44,11,543.8,24.22,1,postpaid,east,8,1
2062,19,42,701.33,14.65,7,prepaid,south,11,1
2063,27,27,990.45,59.4,7,prepaid,east,4,0
2064,46,58,654.06,5.15,2,prepaid,east,8,0
2065,30,77,797.79,16.66,4,postpaid,west,9,0
2066,55,24,101.58,14.9,1,prepaid,north,0,1
2067,49,82,676.78,13.05,3,prepaid,west,9,0
2068,42,40,287.92,6.58,6,postpaid,north,6,1
2069,48,72,300.55,33.99,6,postpaid,west,13,1
2070,34,14,426.88,31.69,3,prepaid,north,6,1
2071,56,1,141.71,0.89,7,postpaid,west,3,1
2072,23,71,949.93,51.03,0,prepaid,south,4,0
2073,59,10,967.43,49.7,4,prepaid,south,9,0
2074,33,22,770.7,7.89,3,prepaid,east,11,1
2075,43,37,439.83,48.47,7,postpaid,north,12,1
2076,27,38,489.97,30.73,6,prepaid,north,5,1
2077,50,17,908.42,8.37,6,postpaid,west,9,1
2078,58,56,483.51,55.63,2,prepaid,north,9,0
2079,27,5,985.65,24.46,4,postpaid,north,14,1
2080,47,1,601.45,4.68,3,prepaid,north,7,1
2081,50,48,611.67,12.47,1,postpaid,south,7,0
2082,45,78,202.89,31.37,0,prepaid,south,8,0
2083,28,48,401.5,46.23,0,prepaid,east,7,0
2084,31,48,803.19,43.9,6,postpaid,north,11,1
2085,22,79,974.58,55.32,7,prepaid,south,2,0
2086,53,36,539.32,37.15,4,prepaid,east,9,1
2087,51,71,104.2,21.5,5,prepaid,west,14,1
2088,58,31,500.86,17.05,3,prepaid,east,8,1
2089,69,56,664.8,54.02,7,prepaid,west,4,0
2090,28,75,277.95,58.91,3,postpaid,south,2,0
2091,30,40,117.28,18.07,0,prepaid,north,0,0
2092,26,18,256.38,34.39,1,postpaid,north,14,1
2093,30,75,551.02,38.45,1,postpaid,north,11,0
2094,51,68,555.02,44.49,4,postpaid,east,13,1
2095,57,21,506.41,40.08,6,postpaid,east,12,1
2096,29,65,393.36,46.15,5,postpaid,north,11,0
2097,21,12,495.36,59.09,5,prepaid,north,1,1
2098,48,62,172.69,2.43,0,prepaid,south,8,0
2099,23,43,648.91,15.68,3,prepaid,north,10,1
2100,24,24,871.0,49.93,2,prepaid,south,5,0
2101,30,0,716.77,47.28,6,postpaid,north,4,1
2102,23,20,402.04,29.52,2,postpaid,south,12,1
2103,54,74,699.89,41.67,2,postpaid,west,14,0
2104,20,47,783.6,17.76,0,prepaid,south,3,0
2105,46,20,198.88,36.13,0,prepaid,south,8,0
2106,21,50,893.88,55.76,1,prepaid,south,2,0
2107,33,7,863.62,25.82,7,prepaid,north,8,1
2108,56,82,552.13,25.49,4,postpaid,north,13,1
2109,45,68,726.24,45.08,0,prepaid,south,11,0
2110,37,3,384.48,16.04,3,prepaid,east,12,1
2111,66,28,101.32,34.46,4,prepaid,west,13,1
2112,24,39,417.43,43.36,0,prepaid,east,7,0
2113,63,82,181.11,29.69,1,prepaid,south,3,0
2114,20,5,611.97,55.68,0,postpaid,north,6,0
2115,46,19,873.67,5.29,4,prepaid,west,0,1
2116,61,0,762.61,55.6,6,postpaid,north,2,1
2117,57,48,534.16,0.97,3,prepaid,north,4,0
2118,33,0,194.54,4.75,1,prepaid,north,6,1
2119,37,59,620.66,14.77,1,prepaid,south,13,0
2120,28,21,567.55,27.87,1,prepaid,west,0,0
2121,52,65,477.21,45.76,4,postpaid,north,13,1
2122,32,16,805.96,49.91,5,postpaid,south,4,0
2123,21,47,513.7,43.99,4,prepaid,south,11,0
2124,67,1,499.35,34.99,5,prepaid,west,13,1
2125,40,3,540.79,11.55,2,postpaid,south,9,1
2126,29,21,467.57,43.31,7,postpaid,north,2,1
2127,26,20,171.53,54.07,2,prepaid,west,14,1
2128,68,73,431.54,57.69,0,postpaid,east,12,0
2129,44,17,700.36,13.9,1,postpaid,north,10,1
2130,53,73,690.98,48.79,4,prepaid,north,6,0
2131,55,60,639.14,27.41,6,prepaid,south,10,0
2132,49,67,379.45,17.99,0,prepaid,east,1,0
2133,40,81,700.65,19.6,6,prepaid,south,3,0
2134,40,22,99.76,50.18,1,prepaid,north,14,1
2135,22,33,420.75,16.15,0,postpaid,south,7,0
2136,18,80,505.71,47.59,5,prepaid,south,14,0
2137,40,7,847.12,45.42,0,prepaid,south,14,0
2138,33,3,184.18,12.95,2,prepaid,east,11,1
2139,46,21,828.72,29.5,6,postpaid,east,6,0
2140,46,33,289.01,57.21,0,prepaid,north,12,0
2141,44,22,555.84,0.64,3,prepaid,east,2,0
2142,32,36,188.13,19.48,4,postpaid,east,8,1
2143,32,7,662.3,32.91,6,prepaid,west,13,1
2144,56,51,174.72,55.49,3,postpaid,north,10,0
2145,30,81,454.32,37.91,1,postpaid,north,6,0
2146,31,20,901.62,6.86,2,prepaid,west,3,1
2147,69,39,120.67,39.68,0,postpaid,north,12,1
2148,34,57,774.55,37.66,5,postpaid,west,13,1
2149,23,35,128.85,14.1,5,postpaid,north,4,1
2150,69,36,501.89,39.27,2,prepaid,east,3,0
2151,29,59,851.9,15.0,4,prepaid,north,0,0
2152,39,61,616.84,47.74,1,prepaid,east,14,0
2153,66,36,298.33,15.07,0,prepaid,east,4,1
2154,37,58,691.83,9.11,2,prepaid,east,8,1
2155,51,75,681.37,2.88,7,postpaid,south,5,1
2156,41,58,879.51,41.56,3,postpaid,north,14,0
2157,23,18,778.24,10.48,1,prepaid,north,5,1
2158,45,40,151.5,27.28,1,prepaid,north,13,0
2159,68,41,880.13,56.54,1,postpaid,south,11,0
2160,67,65,822.03,20.78,0,postpaid,south,10,0
2161,62,73,838.71,34.61,6,prepaid,south,6,0
2162,18,14,902.86,56.12,7,prepaid,north,13,1
2163,65,81,858.92,29.92,7,prepaid,north,9,0
2164,49,61,657.28,51.7,1,prepaid,south,11,0
2165,25,46,272.05,1.32,3,prepaid,south,6,0
2166,48,37,319.79,53.35,5,postpaid,east,3,1
2167,48,72,526.82,56.04,5,prepaid,north,2,0
2168,25,60,208.81,6.49,2,prepaid,north,6,0
2169,33,80,175.67,42.57,6,prepaid,west,10,1
2170,22,29,414.17,58.29,3,prepaid,east,8,0
2171,21,80,438.16,38.71,0,postpaid,west,13,1
2172,59,74,139.9,28.99,7,prepaid,north,9,0
2173,60,54,679.21,49.68,5,prepaid,south,8,1
2174,25,46,327.72,31.19,3,prepaid,west,14,1
2175,32,32,477.05,35.22,2,prepaid,west,7,0
2176,56,53,936.36,56.04,3,prepaid,west,14,0
2177,66,80,240.7,29.59,0,prepaid,west,10,0
2178,45,40,258.52,11.83,4,prepaid,east,13,0
2179,38,76,994.07,3.55,4,prepaid,west,4,0
2180,50,55,864.67,19.54,6,prepaid,east,7,0
2181,25,48,978.86,4.62,0,prepaid,east,5,0
2182,24,12,363.25,34.91,7,prepaid,east,14,1
2183,33,41,940.17,14.85,0,prepaid,north,14,0
2184,20,54,773.4,8.25,3,postpaid,south,8,0
2185,33,52,705.54,51.06,4,postpaid,east,3,1
2186,51,22,118.55,20.34,1,postpaid,west,0,1
2187,21,66,116.59,55.21,1,postpaid,east,5,0
2188,51,11,671.36,4.04,2,postpaid,north,0,1
2189,65,19,527.07,51.75,3,prepaid,south,5,1
2190,18,77,805.76,1.32,1,prepaid,north,9,0
2191,66,45,996.26,27.25,7,prepaid,north,7,0
2192,23,4,570.88,38.87,2,prepaid,east,2,1
2193,61,65,583.72,6.87,1,prepaid,east,1,0
2194,66,31,245.32,57.25,0,prepaid,west,14,1
2195,33,73,427.39,11.47,1,postpaid,east,7,1
2196,56,42,246.62,49.16,7,prepaid,west,11,0
2197,40,81,917.1,25.79,7,postpaid,south,0,1
2198,59,67,910.52,8.89,3,postpaid,south,12,1
2199,56,74,137.05,28.8,2,prepaid,south,9,0
2200,65,14,450.21,31.88,4,postpaid,south,7,1
2201,38,50,914.23,52.51,5,prepaid,west,9,0
2202,38,3,160.58,35.08,2,postpaid,east,2,1
2203,41,52,752.61,27.55,2,postpaid,south,8,0
2204,57,67,880.95,16.03,6,prepaid,south,8,0
2205,47,28,323.75,46.8,2,prepaid,west,4,0
2206,54,79,867.27,46.88,0,postpaid,north,3,0
2207,39,2,531.51,55.84,6,prepaid,south,13,1
2208,47,16,126.23,31.65,0,prepaid,west,3,1
2209,21,48,802.83,54.89,3,prepaid,south,4,0
2210,41,42,182.02,16.42,0,postpaid,west,10,0
2211,27,34,881.53,55.99,7,prepaid,south,2,0
2212,47,77,805.36,47.1,5,prepaid,east,8,0
2213,27,59,165.11,19.33,1,prepaid,north,14,0
2214,28,27,959.89,58.34,3,postpaid,west,12,0
2215,21,32,499.74,15.49,3,prepaid,north,9,0
2216,44,48,961.72,47.69,1,prepaid,west,2,0
2217,27,66,881.68,51.12,6,prepaid,north,9,0
2218,42,64,936.17,39.52,0,prepaid,south,14,0
2219,47,41,379.58,15.0,1,prepaid,north,11,0
2220,45,17,705.03,50.07,3,postpaid,north,14,1
2221,28,69,109.0,35.16,4,prepaid,north,14,1
2222,21,68,150.09,54.73,4,postpaid,north,6,0
2223,32,58,895.82,21.77,1,postpaid,east,13,0
2224,53,54,790.67,6.75,6,prepaid,north,13,1
2225,39,82,187.27,11.88,0,postpaid,north,4,0
2226,48,58,190.1,54.99,1,prepaid,east,5,0
2227,53,63,360.35,47.46,6,prepaid,east,10,1
2228,61,61,148.04,48.18,1,prepaid,north,7,0
2229,48,2,254.01,9.72,6,prepaid,south,8,1
2230,62,9,827.89,41.3,5,postpaid,north,8,1
2231,55,12,868.91,8.49,4,prepaid,north,5,1
2232,65,17,157.84,57.39,1,prepaid,north,12,0
2233,52,23,748.29,12.38,6,postpaid,east,10,1
2234,59,50,810.15,56.89,7,postpaid,north,7,1
2235,57,47,369.18,24.35,2,postpaid,south,8,0
2236,39,33,500.88,25.06,7,prepaid,north,4,0
2237,29,31,493.98,14.44,0,prepaid,south,1,0
2238,50,15,792.06,19.96,3,prepaid,west,1,0
2239,22,12,365.89,20.55,3,postpaid,east,8,1
2240,65,30,454.29,53.63,4,prepaid,west,6,0
2241,31,21,686.29,39.01,6,prepaid,north,9,1
2242,59,59,721.74,51.82,4,prepaid,west,14,0
2243,20,14,398.03,30.37,6,postpaid,west,13,1
2244,57,24,777.58,13.67,6,postpaid,east,13,1
2245,31,60,509.15,52.58,3,postpaid,west,6,0
2246,34,75,354.09,5.22,6,prepaid,west,2,0
2247,40,66,707.17,16.73,5,postpaid,north,5,1
2248,21,43,256.76,46.85,1,postpaid,west,14,0
2249,31,70,962.44,56.23,2,prepaid,north,3,0
2250,47,20,457.55,1.51,2,postpaid,north,0,1
2251,44,33,481.74,20.06,2,prepaid,north,6,1
2252,25,7,905.6,35.23,7,prepaid,north,6,1
2253,67,9,257.0,28.23,0,postpaid,south,13,1
2254,52,16,670.08,43.5,5,prepaid,north,3,1
2255,48,61,727.83,6.63,0,prepaid,west,7,0
2256,29,26,803.64,46.51,1,prepaid,west,7,0
2257,37,3,492.27,57.52,7,postpaid,south,1,1
2258,47,5,531.75,46.41,7,prepaid,east,1,1
2259,53,47,611.15,56.51,6,prepaid,north,13,1
2260,65,18,937.45,42.67,0,prepaid,north,12,0
2261,62,10,718.19,58.23,0,postpaid,north,7,0
2262,20,51,124.08,57.58,2,prepaid,west,0,0
2263,44,27,648.08,35.67,3,prepaid,west,3,0
2264,59,9,487.58,48.98,3,prepaid,north,5,1
2265,26,32,628.1,4.26,6,prepaid,east,2,0
2266,65,25,416.5,32.14,6,prepaid,east,9,1
2267,46,53,531.55,29.21,3,prepaid,west,9,0
2268,46,6,949.78,9.11,0,prepaid,north,2,0
2269,66,42,174.69,24.26,1,prepaid,north,1,0
2270,28,39,448.1,29.94,7,postpaid,east,2,1
2271,56,68,968.63,35.26,3,prepaid,south,8,0
2272,29,17,624.85,26.56,6,prepaid,west,0,1
2273,36,64,141.52,20.29,4,postpaid,south,1,0
2274,34,18,385.86,30.77,5,prepaid,south,2,1
2275,47,52,708.36,16.44,1,prepaid,north,4,0
2276,69,9,765.17,17.12,1,postpaid,north,1,0
2277,57,40,592.12,21.55,3,prepaid,south,10,1
2278,48,43,157.69,54.43,0,postpaid,east,0,0
2279,32,37,285.66,0.93,0,prepaid,east,9,0
2280,20,65,189.84,4.25,1,postpaid,north,10,1
2281,63,0,853.3,40.26,0,prepaid,east,12,0
2282,58,24,345.83,33.3,7,postpaid,north,11,1
2283,28,46,344.73,49.14,6,prepaid,west,9,1
2284,60,72,255.79,44.64,1,prepaid,east,5,0
2285,19,21,910.44,25.31,2,prepaid,west,2,1
2286,38,77,905.52,20.82,6,prepaid,east,10,1
2287,35,21,665.29,4.46,4,postpaid,north,8,1
2288,54,9,584.99,21.44,4,postpaid,south,3,1
2289,68,60,849.07,53.3,6,prepaid,south,5,0
2290,62,42,484.62,10.21,7,postpaid,south,1,1
2291,27,72,759.17,31.06,0,prepaid,south,7,0
2292,67,19,179.88,13.69,6,prepaid,west,3,0
2293,60,23,201.36,27.75,3,postpaid,north,3,1
2294,35,10,244.47,24.85,0,prepaid,east,7,0
2295,63,21,184.44,34.91,7,prepaid,east,13,1
2296,18,56,108.84,21.58,4,prepaid,east,3,1
2297,33,55,785.03,40.35,4,prepaid,west,6,0
2298,62,78,895.42,41.15,4,prepaid,north,3,0
2299,37,49,230.88,25.18,6,postpaid,west,13,1
2300,18,3,528.71,16.94,1,postpaid,east,14,1
2301,28,42,544.56,51.76,5,postpaid,north,14,1
2302,39,70,390.2,30.22,2,postpaid,west,6,0
2303,48,48,127.8,21.62,1,postpaid,east,0,0
2304,48,30,520.93,58.62,6,prepaid,south,10,1
2305,65,72,472.81,50.68,2,prepaid,west,7,0
2306,25,77,520.57,33.29,6,prepaid,west,5,0
2307,54,44,739.82,55.67,1,postpaid,east,10,0
2308,41,7,117.92,44.89,7,postpaid,east,1,1
2309,35,17,748.75,11.86,5,prepaid,east,2,0
2310,30,7,608.06,21.98,3,prepaid,north,11,0
2311,18,52,727.94,7.66,3,prepaid,west,7,0
2312,34,54,373.64,25.93,6,prepaid,west,12,1
2313,36,34,762.69,31.7,0,prepaid,north,4,0
2314,36,74,238.66,14.7,2,prepaid,south,4,0
2315,56,50,629.49,8.94,7,postpaid,north,8,1
2316,53,32,818.05,54.25,1,postpaid,east,7,0
2317,24,81,854.59,53.16,6,prepaid,east,2,0
2318,37,50,759.4,51.72,2,prepaid,west,3,0
2319,34,51,155.59,22.68,5,postpaid,north,2,1
2320,30,42,565.85,52.54,3,prepaid,west,1,0
2321,20,13,639.53,28.22,5,prepaid,east,12,1
2322,19,62,165.32,33.75,6,postpaid,east,5,1
2323,60,1,547.27,48.32,5,prepaid,north,1,0
2324,52,1,512.28,36.71,7,postpaid,south,12,1
2325,60,35,688.97,53.56,3,postpaid,north,13,1
2326,23,0,233.62,33.52,1,postpaid,north,7,1
2327,35,5,130.97,41.58,7,postpaid,west,8,1
2328,67,10,818.8,15.85,2,prepaid,west,4,0
2329,41,15,292.26,32.79,2,prepaid,north,6,0
2330,20,18,620.58,38.13,3,prepaid,north,2,0
2331,45,13,643.32,15.46,0,postpaid,east,1,1
2332,32,1,422.11,55.76,2,postpaid,north,1,1
2333,48,79,754.09,47.45,0,postpaid,east,10,0
2334,62,15,423.47,10.89,3,postpaid,east,6,1
2335,64,23,982.05,22.22,2,postpaid,east,13,1
2336,52,21,875.52,34.14,7,postpaid,south,9,1
2337,54,58,375.6,14.63,3,postpaid,east,11,1
2338,59,10,139.51,21.86,1,prepaid,south,8,1
2339,45,12,687.27,14.75,6,prepaid,east,7,1
2340,28,60,395.51,22.23,6,postpaid,east,11,1
2341,35,44,221.76,20.04,0,postpaid,north,8,0
2342,31,14,355.41,31.34,2,prepaid,east,9,1
2343,62,42,894.27,24.53,4,postpaid,north,2,0
2344,41,39,692.85,10.48,2,prepaid,north,4,1
2345,46,75,811.71,8.81,7,postpaid,west,14,1
2346,26,64,502.93,48.53,4,postpaid,south,8,0
2347,42,58,548.63,16.5,4,prepaid,south,9,1
2348,57,2,634.98,35.59,7,prepaid,south,1,1
2349,64,3,350.62,36.86,0,postpaid,south,6,1
2350,39,31,425.64,42.97,4,prepaid,south,12,1
2351,62,3,913.56,26.3,5,prepaid,west,11,1
2352,54,29,280.66,29.94,5,postpaid,west,0,1
2353,66,63,585.76,51.9,5,prepaid,north,11,0
2354,55,70,691.75,35.36,0,postpaid,west,8,0
2355,48,68,889.8,2.53,4,prepaid,west,3,0
2356,24,65,576.14,45.25,0,prepaid,south,2,0
2357,66,34,327.4,46.83,5,postpaid,north,9,1
2358,54,49,183.12,42.34,7,postpaid,north,7,1
2359,63,57,908.12,40.56,4,postpaid,north,10,1
2360,49,9,505.23,21.55,4,postpaid,south,3,1
2361,41,48,589.38,4.84,0,postpaid,south,7,1
2362,41,36,379.82,49.27,1,prepaid,north,2,0
2363,69,59,722.76,51.05,1,prepaid,east,3,0
2364,37,32,505.38,50.56,5,postpaid,north,5,1
2365,69,41,120.97,7.59,4,postpaid,west,13,1
2366,28,40,299.49,35.76,0,prepaid,south,8,0
2367,65,57,303.81,5.48,7,prepaid,north,6,1
2368,22,74,987.49,11.55,3,prepaid,north,10,1
2369,31,1,788.54,17.25,6,postpaid,east,11,1
2370,46,72,502.49,51.85,6,prepaid,east,8,1
2371,23,40,862.16,20.65,7,postpaid,south,11,1
2372,61,17,458.91,30.26,2,postpaid,east,10,1
2373,39,74,719.45,23.8,5,prepaid,north,3,0
2374,56,36,838.18,27.0,7,prepaid,south,2,0
2375,42,7,997.09,27.88,2,prepaid,north,10,1
2376,49,49,780.47,39.66,5,prepaid,east,5,0
2377,38,0,433.74,22.95,0,postpaid,west,3,0
2378,40,56,760.81,46.4,0,prepaid,north,10,0
2379,31,53,863.5,39.54,3,postpaid,west,3,0
2380,43,55,801.45,15.31,0,prepaid,east,7,0
2381,24,26,657.48,35.7,4,prepaid,south,13,1
2382,43,23,134.28,4.94,0,prepaid,east,14,1
2383,32,82,229.18,10.12,5,postpaid,north,14,1
2384,69,55,373.79,14.31,6,prepaid,south,2,1
2385,39,64,515.83,13.58,2,postpaid,north,3,0
2386,66,38,564.43,37.9,2,prepaid,west,8,0
2387,39,60,170.83,14.17,0,prepaid,north,9,0
2388,46,10,502.59,52.63,6,postpaid,west,14,1
2389,65,17,363.01,45.92,6,prepaid,east,0,1
2390,30,51,761.49,55.3,3,prepaid,north,0,0
2391,25,60,300.98,3.39,2,postpaid,north,5,1
2392,65,41,627.53,29.91,6,postpaid,south,5,1
2393,49,79,220.24,13.6,4,prepaid,south,12,0
2394,23,11,246.84,45.75,1,postpaid,north,7,1
2395,56,52,855.26,30.46,3,prepaid,south,9,0
2396,35,14,501.44,54.03,1,prepaid,west,2,0
2397,33,3,726.19,0.76,6,prepaid,east,6,1
2398,46,41,747.74,15.11,4,postpaid,west,8,0
2399,32,45,265.66,35.79,2,postpaid,east,0,1
2400,62,56,643.7,10.94,3,prepaid,north,7,1
2401,19,30,685.12,19.75,1,prepaid,west,0,1
2402,63,81,546.52,31.0,0,prepaid,east,7,0
2403,53,7,182.61,28.46,5,postpaid,north,0,1
2404,36,25,818.12,30.85,5,prepaid,south,7,0
2405,53,74,946.91,3.39,6,postpaid,north,4,0
2406,45,62,384.87,33.25,3,prepaid,west,11,1
2407,19,13,488.54,2.8,2,postpaid,north,5,1
2408,26,8,532.03,10.81,1,prepaid,north,13,1
2409,51,68,177.47,44.73,1,postpaid,south,7,0
2410,35,39,398.83,40.32,2,postpaid,west,12,1
2411,57,67,304.38,22.61,4,postpaid,north,4,0
2412,27,39,718.23,41.2,2,postpaid,west,13,1
2413,20,60,792.42,15.57,1,postpaid,north,9,0
2414,49,61,892.34,17.39,4,prepaid,east,1,0
2415,56,48,874.98,25.11,1,postpaid,south,6,0
2416,55,46,446.55,2.51,7,prepaid,north,12,1
2417,33,61,945.41,54.15,5,postpaid,north,11,0
2418,50,0,952.9,8.57,5,prepaid,south,10,1
2419,22,14,206.36,6.02,3,postpaid,south,3,1
2420,50,53,834.02,23.07,7,prepaid,north,6,0
2421,21,15,976.07,41.91,6,prepaid,east,7,1
2422,66,25,868.5,1.86,3,prepaid,north,13,1
2423,68,58,362.89,55.79,5,postpaid,east,4,0
2424,53,2,760.63,28.45,3,postpaid,east,2,1
2425,39,62,238.78,23.67,7,prepaid,north,14,1
2426,48,44,416.5,5.63,0,prepaid,south,6,0
2427,55,5,307.04,34.22,6,postpaid,east,14,1
2428,51,81,914.25,56.47,2,postpaid,south,3,0
2429,46,2,296.89,39.56,0,prepaid,south,13,0
2430,38,44,529.36,45.19,3,postpaid,west,0,0
2431,40,54,337.22,35.96,1,prepaid,north,2,0
2432,22,9,183.78,54.02,4,postpaid,east,5,1
2433,22,74,557.97,7.48,0,prepaid,west,3,0
2434,20,62,133.67,23.2,4,postpaid,west,1,0
2435,52,77,548.82,47.46,6,prepaid,east,7,1
2436,18,6,236.47,19.35,0,prepaid,west,13,1
2437,40,77,338.89,31.38,7,postpaid,west,0,0
2438,30,77,809.96,38.62,1,prepaid,west,12,0
2439,59,35,642.5,29.93,5,prepaid,south,14,1
2440,43,20,574.55,13.99,4,postpaid,north,2,0
2441,62,39,981.48,11.27,2,prepaid,north,6,0
2442,60,80,903.86,32.69,3,prepaid,east,12,1
2443,32,74,562.46,35.9,3,postpaid,west,5,0
2444,30,81,189.8,3.32,3,prepaid,east,1,0
2445,68,73,822.98,6.71,4,prepaid,north,2,0
2446,31,3,439.29,28.65,0,prepaid,east,6,1
2447,27,59,959.9,58.55,4,prepaid,east,2,0
2448,57,43,515.09,36.67,0,postpaid,south,12,0
2449,29,74,592.23,21.79,1,prepaid,east,12,0
2450,61,30,275.83,21.34,2,prepaid,west,4,0
2451,43,44,454.28,35.34,6,prepaid,north,11,1
2452,24,49,877.22,42.14,7,prepaid,west,6,0
2453,24,33,357.88,12.94,4,prepaid,west,8,1
2454,50,73,882.09,15.75,0,postpaid,west,13,0
2455,63,72,102.73,48.3,2,prepaid,east,11,0
2456,24,26,279.25,46.45,7,postpaid,west,6,1
2457,65,37,729.85,53.17,4,postpaid,south,0,1
2458,23,76,646.33,10.14,7,postpaid,north,3,0
2459,24,23,682.74,23.31,4,postpaid,north,14,1
2460,56,78,687.86,45.16,4,postpaid,south,14,0
2461,42,59,593.43,59.08,3,prepaid,west,10,0
2462,40,6,977.41,29.43,7,prepaid,west,5,1
2463,36,80,832.19,26.44,6,prepaid,west,9,0
2464,21,82,288.06,15.7,5,prepaid,north,2,0
2465,36,10,621.61,50.24,6,postpaid,north,1,1
2466,36,13,987.5,52.34,2,prepaid,north,13,0
2467,26,52,426.25,21.84,6,postpaid,east,3,1
2468,20,0,864.41,46.23,7,prepaid,south,8,1
2469,19,50,197.17,25.96,2,postpaid,west,13,1
2470,28,60,926.5,53.07,3,prepaid,north,6,0
2471,24,16,676.94,8.42,4,prepaid,west,0,1
2472,29,12,561.58,30.58,2,prepaid,north,3,1
2473,58,54,310.13,19.66,3,postpaid,north,1,1
2474,30,46,635.22,3.47,0,prepaid,north,3,0
2475,23,68,810.8,52.22,0,prepaid,south,9,0
2476,35,34,922.69,31.67,7,postpaid,east,3,0
2477,43,76,652.5,29.92,2,prepaid,north,7,0
2478,45,80,235.88,7.55,4,prepaid,north,8,0
2479,57,68,387.78,45.08,4,prepaid,north,4,0
2480,35,81,399.12,0.8,6,postpaid,north,9,1
2481,31,3,961.47,0.77,2,prepaid,north,7,1
2482,33,61,306.06,38.47,3,prepaid,south,6,0
2483,22,70,198.0,53.9,6,prepaid,west,13,1
2484,46,5,416.79,26.42,7,prepaid,north,3,1
2485,65,34,515.31,55.03,0,prepaid,north,5,0
2486,52,57,330.49,45.92,7,postpaid,west,3,1
2487,26,2,415.72,23.58,2,prepaid,south,1,0
2488,18,80,470.34,41.48,7,prepaid,north,6,0
2489,69,58,674.52,32.52,1,postpaid,west,11,0
2490,42,60,289.44,2.63,1,postpaid,west,3,1
2491,50,68,939.85,12.43,5,prepaid,west,9,0
2492,49,48,593.26,29.75,1,prepaid,west,12,0
2493,49,74,865.53,22.65,5,prepaid,north,4,0
2494,34,56,986.3,17.4,3,prepaid,south,8,0
2495,41,78,321.37,41.69,6,prepaid,north,6,0
2496,65,21,248.24,9.5,2,prepaid,north,6,1
2497,63,69,372.12,48.16,7,prepaid,south,14,0
2498,64,1,466.38,54.92,6,postpaid,west,1,1
2499,59,6,740.35,14.73,3,prepaid,west,4,1
2500,68,72,245.47,13.96,6,postpaid,west,14,1
2501,47,7,886.45,0.94,1,prepaid,east,11,1
2502,61,55,514.84,3.67,1,postpaid,north,9,1
2503,30,56,361.91,54.09,2,prepaid,north,13,0
2504,24,59,597.88,36.69,4,prepaid,east,5,0
2505,28,56,921.01,30.39,7,postpaid,north,10,1
2506,27,15,736.54,50.93,7,prepaid,north,12,1
2507,67,77,297.18,19.46,6,postpaid,north,9,1
2508,27,14,413.1,8.23,5,prepaid,north,7,1
2509,68,78,555.09,4.74,1,prepaid,west,11,0
2510,61,72,708.4,2.85,0,prepaid,south,9,0
2511,30,82,306.15,35.69,3,prepaid,north,10,0
2512,42,48,552.95,45.61,4,postpaid,east,7,1
2513,38,37,654.85,28.8,0,prepaid,north,8,0
2514,46,24,138.92,1.56,6,prepaid,east,3,1
2515,42,69,620.5,51.46,6,prepaid,north,6,0
2516,46,28,861.33,9.72,6,prepaid,east,9,1
2517,51,40,852.17,10.4,3,postpaid,north,9,1
2518,48,26,301.13,14.08,7,postpaid,east,12,1
2519,21,36,336.55,6.13,4,postpaid,east,12,1
2520,21,81,528.74,23.72,4,prepaid,north,2,0
2521,69,53,391.76,41.15,4,postpaid,south,9,0
2522,51,12,905.54,26.47,7,prepaid,west,6,1
2523,37,42,913.05,52.13,3,postpaid,north,5,0
2524,54,5,882.34,28.35,6,prepaid,south,9,1
2525,45,48,971.78,58.94,4,prepaid,west,6,0
2526,55,37,899.21,28.58,2,postpaid,north,13,0
2527,44,25,311.92,56.36,2,prepaid,north,5,0
2528,29,35,224.56,33.49,7,prepaid,north,6,1
2529,59,1,255.28,33.08,1,prepaid,south,11,1
2530,37,31,251.8,8.74,7,postpaid,west,7,1
2531,36,81,470.81,28.76,7,prepaid,south,1,0
2532,62,46,422.09,30.31,4,prepaid,north,1,1
2533,61,66,137.55,27.03,4,prepaid,east,12,1
2534,42,1,124.16,4.89,0,prepaid,south,5,1
2535,52,11,369.97,36.75,5,postpaid,east,12,1
2536,64,52,966.19,5.11,7,postpaid,north,6,1
2537,64,28,262.01,32.99,6,postpaid,east,13,1
2538,42,67,414.49,31.15,5,postpaid,north,1,0
2539,41,3,743.61,51.0,5,prepaid,east,1,1
2540,48,15,761.11,3.34,3,postpaid,east,7,1
2541,51,18,440.53,59.21,7,postpaid,south,12,1
2542,40,58,595.44,24.28,5,prepaid,south,0,0
2543,52,20,820.07,42.25,4,prepaid,south,9,1
2544,25,69,907.4,5.21,5,prepaid,south,7,0
2545,57,49,990.53,14.12,6,prepaid,east,11,1
2546,54,63,120.56,24.26,0,postpaid,south,8,0
2547,53,54,225.73,44.17,3,prepaid,north,0,0
2548,35,44,123.84,22.66,0,prepaid,north,11,0
2549,44,26,616.93,33.96,4,postpaid,east,12,1
2550,31,79,891.41,20.31,7,prepaid,west,0,0
2551,23,69,360.98,59.8,1,prepaid,north,8,0
2552,39,1,795.79,54.92,7,prepaid,south,7,1
2553,39,4,135.84,20.86,5,prepaid,south,6,1
2554,32,14,688.13,49.71,2,prepaid,north,9,0
2555,49,53,223.35,52.45,0,postpaid,south,5,0
2556,37,36,725.84,36.06,2,prepaid,south,8,0
2557,30,6,152.64,47.04,5,postpaid,south,2,1
2558,20,50,825.66,8.11,1,postpaid,south,3,0
2559,67,9,281.18,31.6,0,prepaid,north,6,1
2560,52,81,621.75,7.56,0,prepaid,east,4,0
2561,60,54,981.25,50.29,2,prepaid,east,4,0
2562,68,11,997.1,10.28,7,prepaid,south,11,1
2563,20,39,568.19,14.81,4,prepaid,east,5,1
2564,23,47,823.56,32.56,1,prepaid,west,3,0
2565,67,38,147.13,23.63,7,prepaid,south,11,1
2566,22,27,167.25,53.35,4,prepaid,west,14,1
2567,33,71,456.81,41.91,3,prepaid,west,12,0
2568,58,71,763.9,40.27,3,postpaid,east,10,0
2569,45,20,434.81,53.99,1,postpaid,west,1,1
2570,37,21,779.38,46.8,3,prepaid,east,3,1
2571,66,49,100.38,49.29,3,postpaid,north,10,0
2572,40,66,655.64,3.32,4,prepaid,north,2,0
2573,34,53,352.83,46.0,2,prepaid,south,13,0
2574,51,2,904.02,31.67,7,postpaid,west,11,1
2575,21,27,370.46,40.21,0,prepaid,west,2,0
2576,34,59,559.92,25.72,4,prepaid,south,3,0
2577,26,65,749.93,37.89,4,postpaid,north,10,1
2578,37,33,545.39,47.35,5,prepaid,south,10,0
2579,40,44,940.59,3.5,5,postpaid,east,1,0
2580,37,12,702.78,52.05,1,prepaid,north,2,1
2581,25,52,839.79,27.74,4,prepaid,east,5,0
2582,34,31,368.81,6.46,7,prepaid,west,0,1
2583,18,9,361.77,47.53,1,prepaid,east,6,1
2584,44,0,344.15,48.86,1,prepaid,west,9,1
2585,47,78,997.96,0.75,3,prepaid,south,0,0
2586,27,75,821.26,20.06,2,prepaid,east,0,0
2587,31,15,516.79,6.66,0,postpaid,north,3,1
2588,46,40,119.68,34.78,1,postpaid,north,1,0
2589,61,65,470.8,52.33,4,prepaid,east,0,0
2590,23,69,944.54,10.11,6,prepaid,west,1,0
2591,46,49,487.65,21.42,4,prepaid,east,13,0
2592,38,73,522.48,59.99,7,postpaid,west,9,1
2593,58,11,138.12,16.37,4,postpaid,east,8,1
2594,26,0,757.35,53.08,6,prepaid,north,3,0
2595,58,3,330.53,41.2,4,prepaid,north,10,1
2596,53,59,432.2,11.97,3,prepaid,south,7,0
2597,20,42,704.66,26.42,2,prepaid,south,7,1
2598,65,55,509.55,27.67,2,postpaid,east,6,0
2599,61,48,333.59,34.24,6,postpaid,north,5,1
2600,47,50,829.56,9.39,2,prepaid,north,14,1
2601,59,52,524.94,53.1,0,postpaid,east,9,0
2602,65,73,592.1,35.65,5,prepaid,west,10,0
2603,34,41,538.84,9.26,0,postpaid,north,1,0
2604,40,72,328.55,13.12,7,prepaid,south,1,0
2605,60,34,432.36,4.75,7,postpaid,north,7,1
2606,41,35,383.3,38.89,2,prepaid,east,8,1
2607,43,79,733.08,27.91,4,postpaid,east,7,0
2608,51,43,182.68,44.1,3,prepaid,south,8,1
2609,64,20,375.11,27.47,1,prepaid,east,13,1
2610,23,54,859.07,50.85,0,prepaid,west,2,0
2611,55,17,286.02,9.76,2,postpaid,south,0,1
2612,25,53,114.71,27.92,2,prepaid,east,10,1
2613,52,36,419.5,45.92,5,postpaid,north,14,1
2614,64,31,840.93,5.76,1,prepaid,south,11,1
2615,43,24,432.5,24.29,3,prepaid,north,6,1
2616,29,47,235.3,10.95,0,postpaid,east,3,1
2617,68,80,956.26,9.26,5,prepaid,east,10,0
2618,29,68,989.02,16.98,7,prepaid,south,13,0
2619,52,80,562.51,58.89,3,prepaid,north,9,0
2620,49,38,199.31,48.8,1,postpaid,north,9,1
2621,21,8,528.96,11.74,0,prepaid,south,8,0
2622,37,3,231.82,54.42,4,postpaid,east,12,1
2623,48,3,228.26,45.88,0,postpaid,south,8,1
2624,27,56,126.6,45.7,0,prepaid,west,8,0
2625,63,57,130.2,26.23,5,prepaid,west,0,1
2626,49,12,195.03,56.2,5,postpaid,north,8,1
2627,27,80,153.0,26.57,3,postpaid,north,5,0
2628,34,9,236.44,34.79,4,postpaid,north,0,1
2629,23,46,539.56,53.51,5,prepaid,west,9,0
2630,35,73,748.25,1.16,0,prepaid,south,2,0
2631,67,65,590.46,17.69,5,prepaid,west,2,0
2632,26,59,950.39,23.7,4,prepaid,south,9,0
2633,44,11,535.58,33.13,2,postpaid,south,0,1
2634,47,78,891.66,35.9,7,prepaid,west,13,0
2635,37,72,609.21,54.98,2,prepaid,north,6,0
2636,68,46,850.44,57.65,7,postpaid,south,9,1
2637,51,17,323.59,52.95,3,prepaid,north,7,0
2638,49,77,643.68,42.42,3,postpaid,south,11,0
2639,40,46,396.84,26.66,0,prepaid,north,11,0
2640,33,26,218.59,53.25,6,prepaid,west,9,1
2641,41,60,919.04,43.58,1,prepaid,north,5,0
2642,37,37,385.31,29.09,7,prepaid,south,6,1
2643,68,33,797.35,59.81,2,postpaid,south,5,0
2644,64,32,512.34,23.84,7,prepaid,west,4,1
2645,54,33,428.26,59.67,7,postpaid,west,8,1
2646,23,49,297.32,30.42,2,prepaid,east,0,0
2647,27,47,336.4,15.13,0,postpaid,south,0,0
2648,34,27,244.77,1.24,6,postpaid,north,0,1
2649,49,8,481.25,53.5,1,prepaid,west,8,0
2650,54,23,111.67,6.71,5,prepaid,west,10,1
2651,64,46,190.66,34.59,3,postpaid,north,9,1
2652,38,30,503.81,53.63,1,prepaid,north,12,1
2653,33,81,597.81,56.44,7,prepaid,north,13,1
2654,28,3,253.61,0.6,6,postpaid,west,10,1
2655,62,79,944.46,23.8,0,postpaid,east,14,0
2656,48,76,508.3,44.98,4,prepaid,east,4,0
2657,20,40,838.58,43.06,0,postpaid,west,0,0
2658,44,35,126.1,18.44,6,postpaid,north,4,1
2659,57,75,745.38,11.5,2,prepaid,south,9,0
2660,18,54,537.62,59.63,4,postpaid,north,13,0
2661,61,12,378.39,12.37,5,postpaid,south,2,1
2662,32,37,216.68,14.78,2,postpaid,east,7,1
2663,43,58,869.97,9.79,1,prepaid,east,13,0
2664,28,60,717.22,15.65,4,prepaid,north,0,0
2665,39,29,876.33,51.19,2,postpaid,south,11,0
2666,28,37,248.64,37.56,7,prepaid,west,7,1
2667,27,26,667.11,4.19,7,prepaid,north,14,1
2668,37,43,779.59,56.3,7,prepaid,south,0,0
2669,37,53,170.47,9.13,6,postpaid,west,10,1
2670,54,48,727.92,8.26,6,postpaid,north,4,1
2671,44,64,822.89,35.09,2,postpaid,east,9,0
2672,67,24,268.2,48.21,3,postpaid,south,2,1
2673,29,0,216.44,46.85,5,prepaid,north,8,1
2674,37,51,511.6,32.31,0,prepaid,north,8,0
2675,63,41,620.34,50.32,1,postpaid,south,14,1
2676,22,19,914.62,52.52,7,postpaid,south,9,1
2677,52,8,509.47,18.23,0,prepaid,east,8,0
2678,27,46,961.88,7.03,0,postpaid,south,1,0
2679,48,47,530.6,29.1,5,prepaid,south,9,0
2680,43,80,783.83,52.77,5,postpaid,east,13,0
2681,65,74,473.68,5.81,0,postpaid,north,10,1
2682,45,5,387.76,39.85,6,prepaid,north,1,1
2683,23,24,992.52,47.16,5,prepaid,east,13,1
2684,55,79,361.15,4.54,0,postpaid,north,7,0
2685,38,17,891.27,23.19,7,prepaid,north,1,1
2686,43,83,329.54,46.68,7,postpaid,north,7,0
2687,36,3,672.86,20.85,5,postpaid,north,6,1
2688,23,64,983.32,55.18,4,postpaid,east,14,0
2689,49,79,347.52,9.27,4,prepaid,east,1,0
2690,63,43,279.69,58.02,3,postpaid,north,6,0
2691,39,34,236.33,22.17,0,postpaid,north,13,1
2692,69,59,463.95,0.74,3,prepaid,north,12,0
2693,67,18,900.21,47.81,1,prepaid,north,2,0
2694,60,81,818.48,47.03,7,prepaid,north,8,0
2695,67,68,965.26,23.29,6,prepaid,west,8,1
2696,66,33,391.39,19.73,1,prepaid,north,14,1
2697,59,33,143.43,15.72,4,postpaid,north,3,1
2698,30,75,197.21,8.29,3,postpaid,east,7,1
2699,56,42,576.44,6.2,5,postpaid,south,6,1
2700,31,68,637.23,51.97,6,prepaid,east,14,1
2701,52,21,436.63,22.15,4,postpaid,west,10,1
2702,30,42,784.85,56.85,2,prepaid,north,8,0
2703,50,62,859.84,50.53,6,prepaid,west,12,0
2704,27,2,835.48,58.57,3,prepaid,north,0,0
2705,59,40,394.02,54.38,6,prepaid,east,9,1
2706,43,7,791.61,46.82,1,postpaid,south,12,1
2707,46,46,366.17,30.07,5,postpaid,west,3,1
2708,19,17,172.0,42.13,2,prepaid,south,0,0
2709,44,75,884.31,46.35,5,postpaid,east,12,0
2710,30,63,138.43,23.75,3,prepaid,east,2,0
2711,45,47,695.94,58.61,4,prepaid,east,8,0
2712,60,12,530.16,15.29,6,postpaid,east,6,1
2713,22,15,560.37,57.54,2,prepaid,south,2,0
2714,52,18,766.69,4.55,1,postpaid,south,11,1
2715,43,26,411.1,31.62,1,postpaid,west,10,1
2716,66,15,794.14,12.19,2,postpaid,west,9,1
2717,67,0,631.83,33.97,1,prepaid,south,10,1
2718,19,63,486.91,53.1,3,postpaid,south,8,0
2719,66,46,233.29,45.1,1,postpaid,south,10,1
2720,40,45,848.49,34.67,2,postpaid,east,4,0
2721,32,69,384.41,58.05,1,postpaid,south,2,0
2722,26,65,271.14,24.14,6,postpaid,south,2,0
2723,26,63,141.61,26.0,1,prepaid,north,11,0
2724,65,12,237.2,25.61,1,prepaid,north,1,1
2725,30,15,213.86,7.45,2,postpaid,south,12,1
2726,66,11,367.89,38.79,1,postpaid,east,13,1
2727,22,40,470.48,48.43,1,prepaid,east,12,0
2728,30,74,421.64,41.86,3,postpaid,east,5,0
2729,20,6,106.16,54.28,3,prepaid,south,10,1
2730,39,0,281.99,14.25,6,prepaid,east,11,1
2731,29,71,973.89,53.38,5,postpaid,east,1,0
2732,49,36,415.2,14.02,2,postpaid,north,8,1
2733,36,26,367.44,23.65,7,prepaid,east,4,1
2734,34,59,805.73,43.29,0,postpaid,south,11,0
2735,48,49,215.11,15.7,4,prepaid,west,3,1
2736,27,51,776.17,44.96,1,prepaid,east,12,0
2737,46,35,405.46,29.02,6,prepaid,south,10,1
2738,37,35,111.83,53.72,0,prepaid,south,7,0
2739,26,76,922.27,3.2,7,postpaid,south,8,1
2740,24,6,724.03,47.31,2,postpaid,east,8,1
2741,20,4,494.88,16.6,5,postpaid,east,10,1
2742,37,33,147.59,50.05,1,prepaid,north,5,0
2743,67,1,504.43,8.3,3,prepaid,north,4,1
2744,29,13,711.17,5.78,5,prepaid,south,7,1
2745,23,35,281.12,48.87,5,prepaid,west,8,0
2746,20,43,884.58,55.56,1,prepaid,west,9,0
2747,20,2,798.14,49.96,4,prepaid,west,4,1
2748,64,57,864.31,28.54,0,postpaid,east,3,0
2749,65,72,598.05,52.58,4,prepaid,north,0,0
2750,20,68,466.11,27.32,7,postpaid,north,7,0
2751,52,33,334.2,40.56,7,postpaid,east,11,1
2752,52,12,186.65,16.23,4,prepaid,south,11,1
2753,54,5,285.25,45.41,3,prepaid,east,3,0
2754,67,33,921.99,18.94,2,postpaid,west,1,1
2755,27,61,521.53,59.07,7,prepaid,east,8,0
2756,48,51,398.07,25.15,1,postpaid,south,5,0
2757,20,3,500.51,52.18,1,postpaid,south,4,1
2758,52,65,101.99,59.37,7,postpaid,west,14,1
2759,22,22,864.77,17.5,5,prepaid,north,2,1
2760,34,37,743.46,51.08,6,prepaid,south,2,0
2761,25,70,111.24,37.25,2,prepaid,north,5,0
2762,37,8,502.89,51.97,0,prepaid,north,3,0
2763,58,18,586.91,10.87,2,postpaid,west,3,1
2764,44,25,615.41,0.55,1,prepaid,east,14,1
2765,53,30,912.63,13.21,1,prepaid,east,0,0
2766,56,18,119.92,32.04,2,postpaid,south,14,1
2767,58,55,850.92,28.28,5,postpaid,west,13,1
2768,67,61,432.33,38.56,7,postpaid,west,3,1
2769,61,81,415.73,14.61,2,prepaid,west,11,0
2770,29,78,756.03,57.57,6,prepaid,west,9,0
2771,47,79,220.62,29.26,6,prepaid,north,12,0
2772,33,33,675.48,17.28,5,prepaid,north,9,1
2773,42,60,388.27,44.5,4,prepaid,north,3,0
2774,28,76,936.74,37.86,1,postpaid,north,4,0
2775,34,49,881.16,6.11,7,postpaid,east,12,1
2776,28,5,644.51,25.26,1,postpaid,south,6,1
2777,46,5,386.7,38.75,2,prepaid,west,14,1
2778,43,80,874.76,45.26,6,postpaid,west,7,0
2779,51,77,489.74,31.51,1,prepaid,east,4,0
2780,43,80,553.03,26.82,5,prepaid,west,9,0
2781,53,10,743.66,54.49,1,prepaid,east,6,1
2782,56,68,922.49,28.91,4,postpaid,north,4,0
2783,60,21,620.66,13.48,0,prepaid,north,7,0
2784,26,36,835.79,48.18,0,prepaid,west,11,0
2785,67,62,330.46,13.57,2,prepaid,south,10,1
2786,68,27,870.01,8.11,5,prepaid,west,4,0
2787,21,50,773.5,30.2,4,prepaid,north,13,1
2788,30,71,403.48,48.37,5,prepaid,west,8,0
2789,48,10,470.65,13.36,1,postpaid,west,1,0
2790,31,74,670.7,51.07,2,prepaid,east,13,0
2791,21,7,750.81,23.45,4,prepaid,west,2,1
2792,29,32,981.15,47.22,5,prepaid,south,10,0
2793,53,0,627.32,46.24,4,postpaid,west,8,1
2794,28,56,635.9,26.31,5,postpaid,west,3,0
2795,44,80,466.94,55.12,6,prepaid,east,9,0
2796,69,35,540.51,42.78,6,prepaid,west,0,1
2797,20,72,627.38,57.76,7,postpaid,east,3,0
2798,41,13,592.05,28.19,0,postpaid,west,4,1
2799,60,29,784.55,19.51,4,prepaid,north,11,1
2800,18,71,749.75,43.55,1,prepaid,east,1,0
2801,55,3,738.92,46.6,0,prepaid,north,0,0
2802,26,44,965.25,11.11,6,postpaid,south,0,1
2803,30,63,443.69,48.9,4,prepaid,east,11,0
2804,38,57,222.1,45.47,1,postpaid,south,14,0
2805,60,83,259.39,33.85,6,prepaid,north,9,1
2806,39,37,152.65,52.56,5,postpaid,north,4,1
2807,52,13,429.35,0.88,4,prepaid,east,7,1
2808,45,36,940.57,26.22,5,prepaid,south,0,0
2809,19,53,258.26,28.25,4,postpaid,east,1,1
2810,25,12,647.69,13.84,1,prepaid,north,2,0
2811,33,56,143.91,1.18,2,prepaid,north,13,1
2812,35,76,245.81,8.87,4,prepaid,north,8,0
2813,36,45,317.73,37.94,6,postpaid,west,7,1
2814,50,5,582.52,12.35,0,postpaid,north,0,1
2815,64,71,931.14,14.17,1,prepaid,south,9,0
2816,23,51,250.39,50.43,1,postpaid,north,8,1
2817,55,69,759.13,33.18,6,prepaid,north,12,1
2818,39,56,163.15,7.63,1,prepaid,north,14,0
2819,44,79,918.78,30.23,7,prepaid,west,4,0
2820,65,73,231.82,1.44,4,postpaid,east,3,0
2821,57,36,942.99,41.48,1,prepaid,north,14,0
2822,42,19,910.93,10.61,0,postpaid,north,2,1
2823,68,78,599.44,17.31,3,prepaid,south,5,0
2824,39,37,112.48,14.39,2,prepaid,north,6,0
2825,61,24,917.31,57.13,7,postpaid,west,8,1
2826,36,62,153.32,25.9,7,prepaid,north,5,1
2827,33,8,581.91,43.77,2,prepaid,north,2,1
2828,31,9,774.56,17.61,3,prepaid,south,6,1
2829,45,45,871.65,42.67,5,postpaid,west,8,0
2830,59,11,492.46,4.13,7,postpaid,north,1,1
2831,34,30,337.35,34.58,7,prepaid,south,14,1
2832,54,82,857.44,10.14,4,prepaid,south,1,0
2833,38,37,754.37,3.64,6,prepaid,west,13,1
2834,31,9,879.42,38.85,6,prepaid,south,11,1
2835,57,21,930.26,51.81,1,prepaid,east,11,0
2836,52,0,526.13,0.64,4,prepaid,west,6,1
2837,40,34,235.67,43.86,3,prepaid,east,1,1
2838,46,77,939.65,20.82,7,prepaid,north,8,1
2839,33,83,578.17,36.41,2,postpaid,south,7,0
2840,60,9,818.43,8.36,5,prepaid,east,13,1
2841,61,29,664.27,34.69,5,prepaid,north,11,1
2842,19,30,247.83,58.43,5,prepaid,north,14,1
2843,32,68,820.12,6.9,6,postpaid,south,0,0
2844,65,3,744.36,34.48,3,prepaid,south,4,1
2845,30,13,863.47,27.88,1,prepaid,north,8,0
2846,24,8,450.05,44.97,1,prepaid,south,12,0
2847,36,83,967.11,47.36,5,prepaid,south,1,0
2848,22,78,351.53,34.28,0,prepaid,north,0,0
2849,60,57,166.03,28.24,2,prepaid,north,8,0
2850,36,53,609.93,28.02,1,postpaid,west,10,0
2851,23,46,363.14,29.34,6,postpaid,west,11,1
2852,29,69,565.16,22.61,7,postpaid,south,9,0
2853,61,71,738.43,26.96,3,prepaid,north,3,0
2854,51,82,986.03,31.28,5,prepaid,east,13,1
2855,57,4,909.23,39.13,2,prepaid,west,12,1
2856,54,45,952.57,23.04,4,prepaid,east,10,1
2857,28,60,190.46,56.34,7,postpaid,east,5,1
2858,22,37,787.94,10.65,3,prepaid,south,13,1
2859,58,29,861.81,48.36,3,postpaid,west,3,0
2860,46,47,799.69,36.38,1,prepaid,east,0,0
2861,67,63,758.32,37.94,1,postpaid,south,11,0
2862,28,35,169.13,34.22,7,prepaid,south,11,1
2863,67,38,835.68,34.94,4,postpaid,north,6,1
2864,54,48,723.97,26.74,7,prepaid,east,13,1
2865,30,64,226.84,15.89,0,postpaid,west,1,0
2866,31,27,626.57,57.66,4,postpaid,south,6,1
2867,37,49,556.38,23.87,5,prepaid,north,10,1
2868,57,74,435.78,49.5,6,prepaid,east,1,0
2869,57,19,684.32,37.99,2,postpaid,east,3,1
2870,22,9,841.72,30.47,5,postpaid,west,1,1
2871,18,53,571.78,52.39,5,prepaid,north,13,1
2872,25,51,104.66,11.75,2,prepaid,south,8,0
2873,65,46,478.89,17.89,1,postpaid,south,7,0
2874,66,21,794.78,46.96,6,prepaid,north,13,1
2875,32,18,644.28,45.8,1,prepaid,north,0,0
2876,36,41,267.89,36.49,0,prepaid,south,10,0
2877,32,41,902.28,1.81,3,prepaid,south,4,0
2878,47,12,185.14,7.0,2,postpaid,west,8,1
2879,22,29,331.14,55.46,7,prepaid,north,8,1
2880,18,17,578.5,48.17,0,prepaid,east,3,0
2881,50,28,827.75,58.76,0,postpaid,west,3,0
2882,53,63,411.84,28.54,5,prepaid,west,4,0
2883,61,57,272.29,27.04,1,postpaid,west,9,0
2884,57,7,633.76,56.78,1,prepaid,west,0,0
2885,19,63,123.08,10.15,3,prepaid,west,9,1
2886,21,32,287.75,51.96,7,postpaid,south,10,1
2887,67,44,380.33,36.23,4,prepaid,north,8,1
2888,39,19,916.49,43.8,2,prepaid,west,6,0
2889,33,74,181.18,22.4,7,prepaid,north,3,0
2890,33,54,962.35,29.29,3,prepaid,north,0,0
2891,42,23,987.1,48.99,6,postpaid,north,12,1
2892,39,15,274.3,9.83,7,prepaid,east,1,1
2893,43,80,632.69,1.44,3,prepaid,south,8,0
2894,52,68,363.68,27.2,0,prepaid,north,7,0
2895,45,37,667.95,46.98,6,postpaid,south,13,1
2896,68,14,642.82,50.1,6,postpaid,south,7,1
2897,46,65,780.91,33.12,5,prepaid,south,12,0
2898,57,48,777.95,6.21,1,prepaid,west,2,0
2899,62,62,124.43,40.71,0,prepaid,north,8,0
2900,53,38,774.35,40.34,7,postpaid,east,11,1
2901,46,11,876.9,43.63,0,prepaid,south,13,0
2902,41,15,605.73,54.16,5,prepaid,west,3,0
2903,43,16,351.18,11.65,0,prepaid,south,13,1
2904,66,22,300.03,41.31,1,prepaid,east,10,0
2905,65,36,283.25,58.6,3,prepaid,west,11,0
2906,21,78,796.22,3.97,6,prepaid,north,4,0
2907,49,36,927.48,25.46,2,prepaid,west,4,0
2908,35,26,687.7,31.99,6,postpaid,east,14,1
2909,36,24,825.38,10.33,2,prepaid,east,10,0
2910,44,14,413.99,11.18,2,prepaid,east,3,1
2911,33,18,423.54,26.11,4,prepaid,north,8,1
2912,36,34,681.98,4.97,7,postpaid,west,8,1
2913,30,75,532.13,5.21,1,prepaid,north,5,0
2914,68,24,278.24,38.24,5,prepaid,east,10,1
2915,67,19,761.88,31.62,1,prepaid,north,11,1
2916,30,60,575.01,33.02,5,postpaid,south,2,0
2917,35,48,341.33,49.22,4,postpaid,north,13,1
2918,50,64,873.4,8.15,0,prepaid,west,13,0
2919,26,69,631.59,4.17,4,prepaid,south,7,0
2920,43,70,620.41,30.78,1,postpaid,west,2,0
2921,23,37,221.65,57.94,2,postpaid,south,12,1
2922,23,53,301.13,58.39,4,prepaid,east,1,1
2923,29,67,729.53,58.17,0,prepaid,north,11,0
2924,30,9,846.0,16.38,0,prepaid,north,13,1
2925,27,7,482.58,48.08,4,prepaid,east,10,1
2926,30,34,416.78,7.62,1,postpaid,south,12,1
2927,26,15,708.47,2.89,4,prepaid,west,8,1
2928,23,57,576.67,33.85,2,prepaid,north,6,0
2929,22,61,633.79,57.15,6,prepaid,north,12,1
2930,35,8,186.57,43.9,5,prepaid,west,3,0
2931,27,72,101.48,11.38,7,prepaid,west,7,1
2932,68,75,302.59,55.65,6,prepaid,west,12,0
2933,39,33,599.81,18.74,2,prepaid,west,1,0
2934,52,40,698.39,32.16,3,postpaid,east,1,0
2935,65,50,326.2,7.51,7,postpaid,south,10,1
2936,26,71,532.97,11.52,2,postpaid,south,6,0
2937,23,53,152.97,40.21,6,prepaid,west,8,0
2938,26,2,705.68,30.72,0,postpaid,east,5,0
2939,60,21,816.35,42.17,6,postpaid,north,8,1
2940,38,75,197.63,36.09,4,postpaid,west,6,1
2941,38,53,807.84,55.52,6,prepaid,east,9,0
2942,58,80,132.52,4.23,4,prepaid,north,4,1
2943,45,65,925.74,18.56,3,postpaid,south,11,1
2944,32,35,480.6,40.38,3,prepaid,north,4,0
2945,47,77,650.0,53.44,6,postpaid,north,5,0
2946,36,31,366.47,19.86,6,postpaid,west,10,1
2947,33,40,433.66,41.55,4,postpaid,west,4,0
2948,32,44,718.3,49.1,3,prepaid,east,7,0
2949,28,56,635.35,6.06,3,prepaid,east,7,0
2950,47,70,358.17,42.39,0,prepaid,west,13,0
2951,24,1,173.0,47.96,6,prepaid,north,1,1
2952,50,10,444.35,26.18,2,postpaid,south,5,1
2953,54,2,472.78,7.73,7,prepaid,west,5,1
2954,22,23,501.11,7.76,6,prepaid,south,7,1
2955,64,8,349.93,38.03,4,prepaid,east,5,1
2956,45,58,938.45,45.25,2,prepaid,east,12,0
2957,29,37,526.23,26.56,1,prepaid,north,7,0
2958,45,67,577.05,32.3,0,postpaid,south,14,0
2959,36,80,463.2,9.23,7,prepaid,north,0,0
2960,40,19,843.32,38.48,6,postpaid,east,11,1
2961,53,75,208.32,52.48,1,postpaid,south,12,0
2962,47,81,584.67,30.64,5,prepaid,east,7,0
2963,37,46,977.62,43.63,3,prepaid,west,12,0
2964,29,72,403.21,40.06,5,postpaid,east,7,1
2965,68,80,794.31,25.59,7,prepaid,east,0,1
2966,53,24,549.72,28.71,1,prepaid,west,12,1
2967,56,10,573.85,50.56,6,prepaid,north,12,1
2968,40,0,918.02,25.45,3,postpaid,west,8,1
2969,30,36,508.1,28.39,1,postpaid,south,10,1
2970,20,27,237.16,32.65,4,postpaid,west,1,1
2971,29,37,299.54,2.68,3,postpaid,east,12,1
2972,39,15,577.51,17.52,2,prepaid,south,5,1
2973,22,36,183.58,48.52,0,prepaid,south,12,0
2974,64,70,148.24,10.51,3,prepaid,west,0,0
2975,33,34,531.96,17.78,4,prepaid,south,0,1
2976,62,37,297.18,3.74,1,postpaid,east,10,1
2977,47,77,687.84,20.25,6,prepaid,west,1,0
2978,57,20,467.46,16.68,0,prepaid,east,4,0
2979,49,3,398.52,51.0,5,postpaid,west,7,1
2980,48,72,847.18,2.19,1,prepaid,west,7,0
2981,46,11,662.26,10.84,0,postpaid,west,3,1
2982,58,42,402.3,46.66,0,prepaid,west,5,0
2983,62,49,353.74,30.93,4,postpaid,west,8,1
2984,45,48,134.25,14.76,0,prepaid,south,1,0
2985,40,38,745.06,7.05,5,postpaid,east,5,0
2986,67,44,509.94,58.91,6,prepaid,east,10,0
2987,69,35,442.58,9.86,3,postpaid,east,11,1
2988,68,63,634.93,1.54,0,postpaid,south,0,0
2989,54,79,749.52,37.09,3,prepaid,south,13,0
2990,66,35,492.72,29.4,0,prepaid,west,6,1
2991,33,33,677.6,14.38,3,prepaid,south,14,1
2992,42,53,806.38,23.92,0,prepaid,north,14,0
2993,23,13,563.52,56.65,2,postpaid,west,10,0
2994,47,70,415.82,26.94,7,postpaid,west,12,1
2995,24,51,617.38,48.4,1,prepaid,west,3,0
2996,25,56,388.49,2.61,1,postpaid,north,7,0
2997,20,63,158.32,46.5,5,postpaid,south,5,0
2998,27,7,247.02,50.71,4,prepaid,east,3,1
2999,56,35,613.3,9.37,0,postpaid,north,14,1
3000,25,15,205.57,13.94,1,prepaid,east,7,0
3001,45,81,887.46,12.79,6,prepaid,west,11,0
3002,33,0,395.1,48.22,7,prepaid,south,11,1
3003,68,11,313.72,3.36,7,postpaid,east,4,1
3004,64,0,862.9,40.11,4,prepaid,north,8,1
3005,52,74,249.57,16.19,1,prepaid,east,4,0
3006,29,40,571.05,25.39,4,postpaid,south,5,0
3007,35,2,700.52,38.59,5,postpaid,south,10,1
3008,49,20,433.64,50.71,7,prepaid,south,0,1
3009,19,74,716.85,14.38,0,prepaid,south,5,0
3010,23,76,838.53,34.56,3,postpaid,north,7,0
3011,38,57,849.01,20.4,4,prepaid,north,12,1
3012,20,23,596.51,54.04,6,prepaid,west,6,1
3013,27,48,257.65,16.76,4,postpaid,west,5,1
3014,35,38,725.98,51.6,7,postpaid,north,13,1
3015,20,69,198.57,57.63,1,postpaid,north,8,0
3016,39,77,392.18,36.66,6,prepaid,east,9,1
3017,28,62,805.29,35.21,3,postpaid,north,8,0
3018,24,67,106.01,50.4,3,prepaid,north,1,0
3019,34,68,538.04,57.57,2,prepaid,east,1,0
3020,58,64,167.98,56.19,6,prepaid,south,4,0
3021,36,77,498.49,12.07,1,postpaid,east,0,0
3022,55,81,719.66,33.46,4,prepaid,north,5,0
3023,57,13,788.67,39.78,7,prepaid,north,13,1
3024,67,22,634.73,52.74,7,postpaid,north,3,1
3025,50,5,387.18,39.41,0,prepaid,west,5,1
3026,25,14,234.11,15.7,2,prepaid,south,2,1
3027,49,18,99.63,18.7,0,prepaid,east,4,0
3028,57,40,244.47,42.28,5,prepaid,east,13,1
3029,64,22,639.32,19.57,2,postpaid,north,0,0
3030,49,7,635.02,51.9,1,postpaid,south,3,1
3031,21,63,972.72,14.44,5,postpaid,south,12,1
3032,30,17,438.78,10.44,2,prepaid,west,0,0
3033,27,53,167.12,46.12,2,postpaid,east,4,1
3034,54,24,284.6,59.42,5,postpaid,south,0,0
3035,22,53,437.37,34.33,1,prepaid,east,5,0
3036,30,59,152.39,23.2,5,postpaid,south,12,1
3037,24,73,220.55,49.3,7,prepaid,south,8,0
3038,51,57,542.82,31.69,6,prepaid,east,9,1
3039,44,22,392.5,47.75,0,prepaid,west,2,0
3040,42,61,233.29,25.56,6,prepaid,east,12,1
3041,21,56,747.22,1.6,6,prepaid,west,2,0
3042,32,22,589.5,47.09,2,postpaid,north,9,1
3043,32,4,791.68,18.82,3,prepaid,south,3,1
3044,50,57,636.77,50.24,2,prepaid,south,8,0
3045,19,53,344.17,33.06,3,prepaid,north,14,1
3046,24,32,939.83,24.9,6,postpaid,east,9,1
3047,37,37,591.72,25.11,0,prepaid,south,6,1
3048,65,74,138.81,48.53,1,prepaid,east,8,0
3049,66,67,346.09,49.41,5,postpaid,east,11,1
3050,46,30,960.2,30.69,1,postpaid,west,7,1
3051,53,35,956.85,54.7,4,prepaid,east,0,0
3052,46,82,604.67,56.36,7,postpaid,south,14,0
3053,25,66,930.08,25.93,5,postpaid,south,6,0
3054,20,46,231.06,19.18,7,postpaid,south,6,1
3055,45,2,578.79,49.24,1,postpaid,north,4,1
3056,27,26,551.12,47.42,2,postpaid,east,4,0
3057,67,4,482.54,7.14,0,prepaid,west,1,1
3058,44,17,453.55,3.62,1,prepaid,east,6,1
3059,64,66,218.24,58.33,6,postpaid,north,7,0
3060,42,38,294.69,25.39,7,prepaid,west,1,1
3061,22,79,822.05,56.38,3,prepaid,north,12,0
3062,32,9,276.14,44.35,6,prepaid,east,2,1
3063,20,19,497.17,47.43,3,prepaid,north,1,1
3064,51,1,326.78,29.89,3,postpaid,east,4,1
3065,23,57,958.12,47.54,5,postpaid,north,8,0
3066,53,29,835.8,5.11,5,prepaid,south,0,1
3067,57,38,111.81,18.68,1,prepaid,west,1,1
3068,24,46,944.99,44.86,1,prepaid,east,14,0
3069,52,51,574.91,43.1,5,prepaid,north,11,1
3070,52,5,403.55,46.68,4,prepaid,north,12,1
3071,57,71,864.6,47.28,4,prepaid,north,8,0
3072,47,21,297.48,55.37,0,prepaid,east,3,0
3073,23,43,321.94,31.11,7,postpaid,south,5,1
3074,39,19,501.37,19.66,5,postpaid,south,5,1
3075,66,36,269.01,33.95,7,prepaid,east,12,1
3076,68,68,387.06,32.28,6,prepaid,west,14,0
3077,66,59,429.17,1.93,6,prepaid,south,13,1
3078,30,82,382.23,7.14,0,postpaid,west,9,0
3079,34,21,194.61,58.3,2,postpaid,east,0,0
3080,36,11,974.75,44.5,0,prepaid,north,7,0
3081,39,15,865.47,8.69,0,prepaid,east,13,1
3082,42,37,675.72,56.62,1,prepaid,north,3,0
3083,36,11,713.61,48.55,2,postpaid,west,1,0
3084,49,64,580.98,10.08,6,prepaid,north,10,1
3085,32,55,521.86,9.9,3,postpaid,south,1,0
3086,50,31,927.9,6.39,1,prepaid,south,0,1
3087,20,20,474.93,45.79,3,prepaid,north,14,0
3088,65,79,938.52,25.24,5,postpaid,south,7,0
3089,22,70,935.98,42.41,2,postpaid,north,2,0
3090,45,68,681.56,12.75,4,postpaid,east,3,0
3091,34,81,342.02,44.27,3,prepaid,west,7,0
3092,30,59,152.53,50.39,1,postpaid,east,5,0
3093,51,61,800.06,37.92,5,prepaid,north,3,0
3094,65,39,290.97,24.77,2,prepaid,west,4,1
3095,67,75,807.72,5.28,2,prepaid,south,9,0
3096,51,77,258.37,32.56,4,prepaid,east,14,1
3097,18,59,754.03,28.6,4,prepaid,south,2,0
3098,24,30,398.2,39.25,2,prepaid,north,5,0
3099,50,65,420.84,55.1,2,postpaid,east,1,0
3100,18,5,578.24,24.13,0,prepaid,west,3,0
3101,32,26,603.37,33.43,7,prepaid,south,2,1
3102,44,25,435.41,53.31,3,prepaid,east,12,0
3103,63,8,401.97,44.92,0,prepaid,north,13,1
3104,26,60,585.01,59.32,3,postpaid,north,12,0
3105,22,71,690.45,43.22,5,prepaid,north,14,1
3106,39,15,455.14,56.48,6,prepaid,north,3,1
3107,57,83,207.52,48.47,2,prepaid,north,9,0
3108,55,64,796.19,33.37,7,postpaid,west,7,1
3109,63,37,613.09,48.81,2,prepaid,east,2,0
3110,58,57,379.79,33.62,7,prepaid,north,1,0
3111,31,70,333.38,59.32,0,prepaid,north,4,0
3112,25,80,177.65,25.48,5,postpaid,east,14,1
3113,31,51,213.31,5.77,4,prepaid,north,5,0
3114,26,72,915.66,8.19,0,prepaid,west,9,0
3115,59,2,241.26,10.68,3,prepaid,west,7,1
3116,28,11,657.57,7.43,7,postpaid,west,10,1
3117,25,65,437.57,23.21,1,prepaid,west,1,0
3118,56,56,892.54,52.49,2,postpaid,south,7,1
3119,57,49,924.57,34.02,6,postpaid,east,13,1
3120,33,31,105.6,32.8,5,prepaid,west,1,1
3121,49,12,523.93,10.77,3,prepaid,east,14,1
3122,35,3,420.69,56.76,5,prepaid,north,13,1
3123,63,35,897.77,58.04,0,prepaid,east,3,0
3124,58,82,197.28,28.49,3,postpaid,south,1,0
3125,57,24,802.29,47.05,4,postpaid,south,2,1
3126,60,0,399.98,30.54,6,postpaid,west,12,1
3127,28,24,391.2,14.49,7,prepaid,east,8,1
3128,44,15,273.41,28.25,7,postpaid,west,12,1
3129,29,77,378.46,6.43,0,prepaid,south,6,0
3130,28,19,608.15,35.4,2,postpaid,south,14,0
3131,66,41,215.8,52.9,2,prepaid,east,10,0
3132,34,32,485.05,55.61,7,prepaid,north,6,1
3133,46,41,610.22,22.47,7,prepaid,west,11,1
3134,59,7,430.82,26.76,4,postpaid,east,13,1
3135,62,27,862.74,28.4,5,prepaid,south,4,0
3136,36,36,726.03,35.96,0,prepaid,east,3,0
3137,64,16,884.89,24.5,5,prepaid,east,10,1
3138,42,55,474.96,30.27,5,prepaid,east,11,1
3139,39,66,539.71,24.91,6,postpaid,south,14,1
3140,24,14,252.66,34.73,5,postpaid,west,11,1
3141,39,31,171.76,57.73,2,prepaid,east,3,0
3142,68,21,461.73,1.17,0,postpaid,north,0,1
3143,34,46,373.72,9.11,4,prepaid,west,8,1
3144,48,19,577.63,54.8,0,prepaid,north,13,0
3145,40,6,181.73,30.53,7,prepaid,east,3,1
3146,60,20,801.09,59.72,4,prepaid,east,9,0
3147,66,17,645.24,8.24,1,prepaid,north,4,1
3148,45,45,899.75,50.04,1,postpaid,south,8,0
3149,41,42,159.29,51.66,3,prepaid,north,2,0
3150,54,26,378.01,24.16,6,prepaid,north,7,1
3151,24,50,690.81,17.92,0,postpaid,north,11,0
3152,26,52,892.36,53.83,1,prepaid,north,5,0
3153,67,25,818.59,59.78,0,postpaid,south,0,0
3154,58,19,838.08,29.77,5,prepaid,north,4,1
3155,39,48,273.04,10.15,3,postpaid,west,5,0
3156,29,78,811.34,50.65,1,postpaid,west,1,0
3157,28,43,817.45,52.65,5,postpaid,north,12,1
3158,48,10,355.07,15.29,2,prepaid,south,13,1
3159,35,12,846.49,25.91,7,prepaid,west,12,1
3160,40,20,932.93,16.73,7,postpaid,east,11,1
3161,59,66,603.54,55.04,2,prepaid,south,11,0
3162,19,9,617.53,4.17,3,prepaid,south,10,1
3163,24,59,174.86,25.36,1,prepaid,west,10,0
3164,45,49,618.32,54.03,2,prepaid,south,7,0
3165,31,34,841.44,11.03,2,prepaid,east,2,0
3166,35,4,562.09,38.62,1,postpaid,east,12,1
3167,57,19,905.25,23.37,2,prepaid,north,7,1
3168,31,69,944.08,31.5,3,postpaid,east,11,1
3169,27,63,491.47,8.42,3,prepaid,west,3,0
3170,50,71,379.54,16.41,7,prepaid,west,4,1
3171,48,77,678.66,19.56,0,prepaid,north,1,0
3172,32,52,328.98,46.26,3,postpaid,west,2,0
3173,29,61,318.51,13.91,0,postpaid,north,11,1
3174,44,26,774.22,52.7,2,prepaid,west,7,0
3175,47,47,150.2,50.16,7,postpaid,west,9,1
3176,54,29,773.56,26.71,4,postpaid,north,2,0
3177,64,5,224.5,0.61,7,prepaid,east,14,1
3178,59,76,657.15,49.39,0,postpaid,north,0,0
3179,68,72,724.91,12.5,3,postpaid,east,2,0
3180,51,43,550.94,1.99,2,postpaid,north,14,1
3181,52,76,283.58,10.64,5,postpaid,east,9,1
3182,30,11,859.53,38.74,2,postpaid,west,12,1
3183,63,12,888.76,32.95,4,postpaid,east,9,1
3184,68,60,643.12,25.41,6,prepaid,east,11,0
3185,55,16,565.85,46.81,4,postpaid,south,7,1
3186,38,53,131.82,52.39,0,prepaid,north,2,0
3187,51,40,319.23,6.34,7,postpaid,east,8,1
3188,46,79,921.2,33.58,2,prepaid,west,11,0
3189,28,24,983.92,45.53,2,postpaid,north,0,0
3190,26,23,172.59,5.18,2,prepaid,west,3,1
3191,57,59,813.08,48.85,0,postpaid,west,2,0
3192,39,46,157.93,59.0,3,postpaid,north,0,0
3193,44,69,196.42,28.65,2,postpaid,south,5,0
3194,51,55,690.03,52.4,1,postpaid,west,3,0
3195,66,52,619.56,32.51,7,prepaid,east,10,1
3196,46,70,748.67,8.13,7,postpaid,south,1,0
3197,61,82,822.02,15.82,5,postpaid,north,6,0
3198,36,54,884.97,41.88,1,prepaid,north,13,0
3199,53,55,786.68,14.74,0,postpaid,south,3,0
3200,21,13,434.49,8.06,5,prepaid,north,5,1
3201,29,29,976.28,34.19,7,postpaid,south,4,1
3202,39,25,253.39,9.17,2,postpaid,north,5,1
3203,55,36,886.08,26.8,4,prepaid,south,11,1
3204,33,66,912.89,36.92,7,postpaid,south,7,0
3205,44,72,537.62,21.94,2,prepaid,west,12,0
3206,23,12,575.79,21.37,3,prepaid,east,0,1
3207,55,10,265.22,6.81,3,prepaid,east,13,1
3208,45,26,762.36,30.55,0,prepaid,north,2,0
3209,51,65,164.03,27.34,4,prepaid,east,7,0
3210,49,38,579.32,35.28,5,prepaid,east,10,1
3211,49,10,309.29,38.77,7,prepaid,west,12,1
3212,53,11,462.9,4.34,1,postpaid,north,5,1
3213,34,12,357.54,48.22,6,prepaid,west,5,1
3214,46,35,958.28,26.65,1,prepaid,west,7,0
3215,65,31,361.84,46.54,1,prepaid,south,8,0
3216,44,52,451.7,50.93,4,prepaid,south,8,0
3217,31,44,873.35,56.4,7,prepaid,north,0,0
3218,49,44,223.16,54.0,3,prepaid,north,3,0
3219,48,5,416.67,13.39,2,postpaid,south,1,0
3220,43,65,356.28,13.92,3,postpaid,west,7,0
3221,37,36,115.79,52.14,7,prepaid,west,2,1
3222,41,14,668.21,10.61,5,prepaid,north,5,1
3223,23,73,639.76,49.6,0,prepaid,west,14,0
3224,62,30,672.36,11.02,6,postpaid,south,13,1
3225,51,28,442.18,53.66,5,prepaid,west,8,1
3226,34,71,938.12,2.87,4,prepaid,north,13,0
3227,49,70,837.32,51.27,6,prepaid,north,10,0
3228,38,57,298.17,31.0,5,postpaid,west,11,0
3229,56,29,655.0,18.47,7,prepaid,south,8,1
3230,48,64,724.0,8.8,7,prepaid,north,11,1
3231,42,73,980.05,29.14,4,postpaid,east,0,0
3232,18,79,612.2,10.84,4,prepaid,north,13,0
3233,67,2,996.67,5.76,0,prepaid,north,7,0
3234,38,52,262.2,55.71,1,prepaid,north,12,0
3235,52,3,853.29,57.32,4,postpaid,north,4,1
3236,22,34,610.73,23.31,0,postpaid,west,12,0
3237,30,58,501.48,49.02,7,prepaid,south,14,1
3238,31,1,598.5,29.06,1,prepaid,north,4,1
3239,56,47,841.23,8.67,6,postpaid,south,2,1
3240,53,55,507.22,12.13,1,prepaid,west,9,0
3241,51,34,701.83,43.2,7,prepaid,north,9,1
3242,20,63,577.82,50.16,3,prepaid,south,12,0
3243,64,18,421.14,15.3,6,postpaid,south,6,1
3244,62,53,783.01,54.54,3,prepaid,south,3,0
3245,31,46,128.36,26.81,4,prepaid,north,12,1
3246,31,81,879.22,33.77,4,postpaid,north,3,0
3247,25,56,884.01,18.57,2,prepaid,east,10,1
3248,25,33,230.78,29.97,5,postpaid,north,3,1
3249,58,77,793.32,22.26,7,prepaid,east,11,0
3250,63,3,137.95,35.76,0,prepaid,north,10,1
3251,54,51,658.55,18.51,5,prepaid,north,8,1
3252,31,62,712.75,17.61,5,postpaid,east,8,1
3253,47,79,873.78,58.02,1,prepaid,north,4,0
3254,62,6,153.59,55.31,6,prepaid,south,4,1
3255,55,50,660.38,35.66,3,postpaid,east,7,0
3256,68,5,809.59,50.06,4,postpaid,west,12,1
3257,53,43,276.3,15.78,5,postpaid,south,5,1
3258,64,32,405.48,20.4,5,postpaid,south,1,1
3259,56,47,121.63,56.24,5,prepaid,south,11,0
3260,64,75,186.27,3.29,4,prepaid,east,2,1
3261,41,63,126.4,46.47,1,postpaid,north,4,0
3262,28,62,911.37,52.98,6,prepaid,west,0,0
3263,22,42,640.94,24.24,3,prepaid,east,6,0
3264,49,2,137.0,38.67,7,prepaid,north,6,1
3265,61,19,515.69,43.31,3,prepaid,south,0,0
3266,20,0,651.27,14.43,6,prepaid,east,4,1
3267,26,50,981.45,23.97,3,postpaid,west,7,0
3268,21,11,584.41,53.17,0,postpaid,south,10,1
3269,25,60,819.31,21.8,6,prepaid,south,7,1
3270,45,74,333.2,43.98,5,postpaid,north,5,0
3271,42,70,140.27,58.86,3,prepaid,west,3,0
3272,52,69,222.95,24.84,2,prepaid,east,10,0
3273,48,23,472.32,56.11,1,postpaid,west,9,0
3274,67,48,484.87,43.88,7,prepaid,north,3,0
3275,21,43,754.48,15.27,5,prepaid,south,14,1
3276,60,13,199.69,40.69,0,postpaid,west,8,0
3277,34,36,374.19,16.25,1,prepaid,west,14,1
3278,33,71,241.48,18.93,2,prepaid,south,3,0
3279,55,7,388.77,21.79,5,prepaid,south,1,1
3280,46,77,701.73,44.38,4,prepaid,north,3,0
3281,28,8,340.84,14.69,5,postpaid,west,8,1
3282,36,1,670.3,44.7,6,prepaid,west,5,1
3283,51,60,565.17,52.32,1,postpaid,east,14,0
3284,19,55,420.46,9.8,4,prepaid,south,10,1
3285,26,40,475.59,27.71,3,postpaid,north,14,1
3286,38,57,881.56,1.85,1,postpaid,north,5,0
3287,48,63,637.97,16.27,3,prepaid,west,12,0
3288,22,65,388.65,19.21,5,prepaid,north,9,0
3289,29,7,689.13,8.98,3,prepaid,west,6,1
3290,48,76,310.67,32.35,7,postpaid,north,2,0
3291,68,50,608.04,12.85,6,prepaid,west,1,0
3292,27,25,517.31,4.13,7,prepaid,south,6,1
3293,46,66,821.13,9.55,6,postpaid,south,0,0
3294,38,80,757.8,51.94,7,prepaid,east,8,0
3295,18,75,284.0,40.23,6,postpaid,east,0,0
3296,54,49,109.9,32.45,1,postpaid,west,3,0
3297,47,83,997.93,35.21,5,prepaid,north,5,1
3298,54,78,141.6,1.74,7,postpaid,north,5,1
3299,39,21,384.79,44.77,4,prepaid,south,7,1
3300,55,4,865.44,28.06,4,postpaid,west,13,1
3301,20,22,951.12,4.08,1,postpaid,south,1,1
3302,28,29,314.15,31.11,6,postpaid,south,2,0
3303,49,34,340.66,18.67,6,prepaid,west,4,1
3304,60,32,762.75,38.72,0,prepaid,south,2,0
3305,68,18,476.4,11.59,5,postpaid,west,4,1
3306,39,82,649.67,22.98,0,postpaid,west,12,0
3307,20,5,535.93,36.19,1,prepaid,east,10,0
3308,24,47,397.63,41.88,1,prepaid,east,13,0
3309,58,11,445.86,42.9,5,prepaid,east,7,1
3310,46,11,389.87,53.97,5,prepaid,west,4,0
3311,20,16,270.44,49.48,5,postpaid,east,7,1
3312,57,38,461.09,43.01,1,postpaid,south,13,1
3313,24,46,557.62,47.03,1,prepaid,east,5,0
3314,36,69,744.01,5.35,0,prepaid,west,6,0
3315,38,14,182.14,26.21,5,prepaid,north,9,1
3316,55,33,812.12,36.16,1,prepaid,north,13,0
3317,50,23,475.56,57.15,7,postpaid,north,8,1
3318,19,45,589.8,30.21,5,prepaid,south,0,0
3319,24,32,640.64,1.16,7,postpaid,east,1,1
3320,43,31,903.24,7.71,7,postpaid,south,11,1
3321,30,54,467.88,44.33,5,prepaid,west,1,0
3322,41,46,550.09,8.71,2,prepaid,east,4,0
3323,24,41,669.72,38.25,3,postpaid,north,10,1
3324,66,41,852.26,41.11,5,postpaid,south,5,0
3325,53,60,960.71,39.78,2,prepaid,north,13,0
3326,64,48,861.53,35.76,5,prepaid,north,6,0
3327,61,37,528.8,39.81,0,prepaid,south,12,0
3328,37,77,375.24,8.4,1,prepaid,north,4,0
3329,45,66,402.56,12.76,4,postpaid,north,0,0
3330,31,9,589.91,1.57,6,postpaid,south,13,1
3331,68,19,638.77,53.0,2,prepaid,west,13,1
3332,61,23,227.59,47.68,4,prepaid,west,14,1
3333,21,5,357.89,42.54,6,prepaid,south,4,1
3334,38,81,256.59,28.15,5,prepaid,north,7,0
3335,53,55,312.87,57.6,7,prepaid,east,10,0
3336,54,75,993.22,37.3,3,prepaid,north,10,0
3337,40,70,408.4,59.16,4,postpaid,east,6,1
3338,66,83,728.24,31.81,2,postpaid,east,7,0
3339,43,83,743.2,31.85,3,postpaid,west,13,0
3340,22,11,422.31,6.66,6,prepaid,north,4,1
3341,19,64,180.02,44.28,6,prepaid,south,0,0
3342,68,68,423.98,46.37,7,postpaid,south,14,1
3343,47,21,434.45,20.73,2,prepaid,south,6,1
3344,67,14,631.53,24.16,0,prepaid,east,9,0
3345,65,19,565.91,43.86,7,postpaid,west,14,1
3346,46,45,473.51,59.96,5,prepaid,north,13,1
3347,43,48,778.45,44.63,2,prepaid,east,9,0
3348,67,73,443.17,38.0,1,postpaid,north,1,0
3349,30,60,478.07,38.04,5,postpaid,east,11,0
3350,56,61,464.93,31.3,2,postpaid,north,0,0
3351,28,25,669.81,26.42,6,postpaid,west,8,1
3352,34,32,911.83,34.19,2,postpaid,west,9,1
3353,64,78,451.28,27.01,3,postpaid,south,2,0
3354,65,24,716.82,40.18,4,prepaid,north,3,0
3355,40,77,99.91,25.64,5,prepaid,north,13,1
3356,39,59,144.89,5.84,2,prepaid,west,6,1
3357,49,79,915.82,10.99,7,postpaid,east,4,1
3358,57,22,201.73,29.2,5,prepaid,south,6,0
3359,18,42,356.29,51.42,6,prepaid,east,3,1
3360,24,14,229.51,17.36,6,postpaid,south,6,1
3361,61,46,435.22,19.35,5,prepaid,north,12,1
3362,28,40,751.94,6.3,2,postpaid,north,7,1
3363,39,14,464.76,11.91,7,postpaid,north,3,1
3364,66,75,340.57,3.44,3,postpaid,north,9,1
3365,28,80,987.5,19.68,7,postpaid,east,10,0
3366,64,42,179.51,49.7,0,prepaid,south,4,0
3367,46,5,307.47,12.61,5,postpaid,east,7,1
3368,41,0,201.6,33.64,1,prepaid,north,14,0
3369,59,37,236.49,58.96,6,prepaid,north,1,0
3370,49,10,429.74,31.64,5,prepaid,east,12,1
3371,29,30,107.32,12.17,0,prepaid,east,14,1
3372,37,5,592.92,20.15,3,prepaid,north,0,0
3373,61,49,182.42,47.61,7,postpaid,north,4,1
3374,68,65,694.08,30.53,3,prepaid,north,1,0
3375,61,16,684.65,29.19,0,prepaid,north,5,0
3376,30,59,390.16,42.63,1,prepaid,east,8,0
3377,42,17,347.78,17.41,4,prepaid,west,10,1
3378,51,0,150.18,9.63,4,postpaid,south,8,1
3379,25,60,589.59,45.38,0,prepaid,north,0,0
3380,56,41,708.35,31.82,4,postpaid,north,12,0
3381,23,29,234.5,51.13,3,prepaid,west,3,0
3382,46,55,500.43,49.93,5,prepaid,east,9,1
3383,24,38,313.64,57.03,3,postpaid,north,10,0
3384,22,64,447.0,53.97,7,prepaid,north,13,1
3385,55,44,253.62,5.52,1,postpaid,west,7,0
3386,36,53,994.11,42.82,7,prepaid,south,11,0
3387,40,53,682.44,20.31,0,prepaid,north,2,0
3388,59,62,359.65,22.52,3,prepaid,south,0,0
3389,27,6,202.16,53.22,7,prepaid,north,14,1
3390,42,42,789.15,10.27,6,prepaid,north,12,1
3391,21,35,437.69,2.83,5,postpaid,west,3,1
3392,37,25,894.22,20.47,3,prepaid,north,3,0
3393,48,29,443.95,16.17,4,prepaid,west,14,0
3394,28,13,396.63,19.09,2,prepaid,west,9,0
3395,53,59,507.92,45.89,1,prepaid,north,10,0
3396,58,60,685.55,22.02,6,postpaid,north,13,1
3397,25,19,768.71,13.13,7,prepaid,west,7,1
3398,26,11,280.05,4.7,1,prepaid,south,7,1
3399,54,20,492.9,18.96,2,prepaid,north,7,1
3400,21,78,886.42,29.54,3,postpaid,west,1,0
3401,23,65,288.03,54.26,4,prepaid,south,4,0
3402,34,54,726.06,35.37,6,prepaid,south,1,0
3403,53,41,646.12,57.0,6,prepaid,east,12,0
3404,37,68,606.9,2.87,5,postpaid,east,13,1
3405,36,61,548.16,51.25,3,postpaid,east,14,1
3406,52,36,457.06,5.11,5,prepaid,north,6,1
3407,31,22,396.82,46.51,6,prepaid,north,6,0
3408,55,14,414.23,49.69,2,prepaid,west,10,0
3409,28,22,252.03,31.43,5,postpaid,east,0,1
3410,45,22,320.26,34.33,5,prepaid,west,6,1
3411,35,11,743.72,46.41,4,prepaid,west,3,0
3412,25,56,303.11,54.63,5,prepaid,north,2,0
3413,58,61,499.81,29.58,6,postpaid,north,6,1
3414,61,7,633.17,10.21,1,prepaid,east,9,1
3415,67,80,899.17,48.49,2,postpaid,west,12,0
3416,55,5,314.39,15.39,3,postpaid,east,1,1
3417,35,45,171.67,38.15,6,postpaid,south,6,1
3418,41,6,299.57,16.13,2,prepaid,north,2,1
3419,46,25,734.38,50.67,7,prepaid,south,13,1
3420,43,57,113.23,3.48,7,prepaid,north,11,1
3421,50,35,634.49,5.45,6,prepaid,north,1,1
3422,21,71,431.48,12.75,5,prepaid,north,1,0
3423,43,33,729.05,36.86,4,prepaid,west,4,0
3424,44,61,799.37,55.75,1,prepaid,east,5,0
3425,35,63,451.03,52.1,7,postpaid,east,1,1
3426,66,69,818.55,7.88,7,prepaid,west,3,0
3427,58,56,223.66,52.07,1,postpaid,west,4,0
3428,21,78,426.21,23.56,6,prepaid,south,6,0
3429,25,50,978.28,42.54,3,prepaid,east,3,0
3430,57,36,425.65,43.69,5,prepaid,south,0,0
3431,48,26,213.44,41.57,5,postpaid,south,0,0
3432,32,65,927.28,53.29,6,prepaid,west,10,0
3433,47,46,769.31,22.6,0,postpaid,west,14,1
3434,52,76,274.68,3.46,4,postpaid,south,7,1
3435,46,46,812.44,37.97,5,postpaid,west,14,1
3436,57,28,968.61,20.03,7,postpaid,west,0,0
3437,55,15,613.19,27.24,2,prepaid,south,10,1
3438,53,59,338.77,35.73,6,prepaid,west,3,0
3439,19,19,266.99,2.91,4,postpaid,west,7,1
3440,57,66,556.82,31.94,6,prepaid,south,10,0
3441,35,9,376.82,35.28,3,postpaid,east,13,1
3442,29,28,535.2,33.81,5,prepaid,east,1,1
3443,63,56,384.56,56.4,0,prepaid,north,4,0
3444,50,30,290.78,17.25,0,postpaid,east,8,1
3445,34,53,216.15,20.74,5,prepaid,north,6,1
3446,31,1,271.92,56.67,6,prepaid,south,2,1
3447,43,19,587.43,53.7,4,prepaid,south,5,1
3448,56,82,106.45,13.45,2,postpaid,north,1,0
3449,32,60,133.42,53.93,3,prepaid,north,2,0
3450,39,41,475.76,41.72,7,postpaid,north,3,1
3451,59,53,933.24,21.19,6,postpaid,north,11,1
3452,53,55,447.18,49.95,6,postpaid,south,14,1
3453,68,40,213.7,15.41,7,prepaid,south,4,1
3454,41,75,688.87,47.79,3,prepaid,south,12,0
3455,42,27,517.09,57.27,2,postpaid,east,0,0
3456,40,36,303.31,39.87,6,postpaid,east,5,1
3457,45,2,388.78,21.14,2,prepaid,south,12,1
3458,25,51,535.27,5.78,5,prepaid,east,1,0
3459,48,22,822.89,43.82,5,postpaid,north,4,1
3460,33,49,476.4,36.81,5,postpaid,south,0,1
3461,48,73,394.6,55.12,2,postpaid,west,4,0
3462,69,57,916.16,26.65,5,prepaid,west,2,0
3463,33,81,216.01,12.25,5,postpaid,east,4,1
3464,20,39,828.3,43.07,6,postpaid,south,1,0
3465,43,61,985.98,54.16,5,postpaid,south,6,0
3466,29,21,138.55,5.28,4,postpaid,west,5,1
3467,58,63,509.66,53.0,6,prepaid,west,2,0
3468,33,29,209.77,42.31,0,postpaid,north,0,1
3469,69,49,968.89,0.55,6,prepaid,north,13,1
3470,39,29,721.82,24.47,2,prepaid,north,7,1
3471,66,33,306.22,19.42,5,prepaid,south,12,1
3472,19,53,484.37,25.56,3,prepaid,west,4,0
3473,51,41,844.04,38.78,3,postpaid,south,10,0
3474,59,53,266.76,38.19,6,prepaid,north,12,0
3475,37,2,596.12,9.65,7,prepaid,south,3,1
3476,68,70,874.43,35.31,3,prepaid,south,10,0
3477,23,80,659.02,41.26,1,postpaid,west,10,0
3478,41,75,348.95,10.6,7,postpaid,south,6,1
3479,51,54,559.21,32.34,6,postpaid,east,0,1
3480,31,27,949.76,46.54,6,prepaid,north,14,1
3481,26,13,917.93,51.94,2,postpaid,north,7,1
3482,48,11,703.28,38.93,2,postpaid,north,14,1
3483,25,82,228.22,28.66,3,prepaid,south,6,0
3484,50,64,433.62,39.36,7,prepaid,east,1,0
3485,34,44,944.44,28.6,2,prepaid,east,8,0
3486,32,23,296.1,54.58,3,postpaid,west,12,1
3487,63,68,609.96,22.2,3,prepaid,east,14,1
3488,30,69,335.18,52.94,6,prepaid,east,12,1
3489,39,77,392.28,37.57,2,postpaid,east,0,0
3490,24,65,513.41,6.4,1,prepaid,north,11,1
3491,55,31,549.5,21.57,3,prepaid,north,7,1
3492,47,11,603.4,31.36,2,postpaid,north,3,0
3493,36,25,989.22,1.79,7,postpaid,west,0,1
3494,58,63,179.84,50.94,7,prepaid,west,4,1
3495,46,23,696.92,8.15,6,prepaid,north,12,1
3496,31,75,310.04,45.53,7,postpaid,south,8,0
3497,57,24,328.98,33.53,5,prepaid,east,11,1
3498,27,66,788.22,48.25,2,prepaid,south,12,0
3499,28,20,190.49,4.29,2,postpaid,south,5,1
3500,41,1,599.08,10.39,7,prepaid,west,0,1
3501,46,45,667.69,25.72,3,prepaid,east,5,0
3502,33,33,938.6,11.52,7,postpaid,east,13,1
3503,60,76,983.81,57.08,0,prepaid,east,14,0
3504,67,33,410.49,3.29,5,prepaid,east,13,1
3505,45,14,271.86,41.14,0,prepaid,west,9,1
3506,23,41,433.49,50.67,5,postpaid,north,0,1
3507,19,67,117.3,51.02,3,postpaid,north,10,0
3508,18,7,493.49,30.41,3,prepaid,south,8,1
3509,18,81,242.96,48.82,2,postpaid,south,5,0
3510,49,31,220.1,39.55,4,postpaid,west,1,1
3511,53,5,905.52,6.07,0,prepaid,south,12,1
3512,55,64,139.17,13.68,5,postpaid,south,6,1
3513,42,63,433.79,1.74,0,postpaid,east,0,0
3514,25,42,197.29,51.34,3,postpaid,south,10,1
3515,36,41,272.62,7.31,1,prepaid,south,6,0
3516,22,47,699.02,24.97,3,postpaid,west,4,0
3517,64,63,442.23,28.51,0,prepaid,west,1,0
3518,24,52,683.04,11.37,1,prepaid,east,4,0
3519,59,54,498.65,8.07,3,postpaid,north,0,0
3520,67,47,423.25,27.37,6,prepaid,east,4,1
3521,45,45,780.01,41.19,1,postpaid,east,12,0
3522,36,10,815.38,50.07,1,prepaid,north,4,0
3523,69,69,930.19,47.24,7,postpaid,west,9,1
3524,24,63,814.93,17.29,0,prepaid,south,10,0
3525,61,68,703.85,12.05,4,prepaid,east,0,1
3526,27,62,466.09,58.27,1,prepaid,north,12,0
3527,58,66,843.82,44.32,6,postpaid,north,0,0
3528,57,19,108.06,7.37,1,postpaid,north,2,1
3529,68,48,748.62,37.1,0,postpaid,north,6,0
3530,53,12,168.69,31.2,0,prepaid,west,8,0
3531,18,65,887.35,14.32,3,postpaid,north,4,0
3532,67,29,733.26,40.69,5,prepaid,east,5,0
3533,38,6,714.39,59.68,7,prepaid,west,3,0
3534,19,78,211.92,8.03,2,prepaid,east,11,0
3535,51,56,553.75,54.93,7,postpaid,north,14,1
3536,68,23,877.23,35.66,1,prepaid,east,8,0
3537,46,27,256.88,11.77,6,prepaid,south,3,1
3538,37,15,382.94,33.36,0,prepaid,east,1,0
3539,35,30,300.7,32.57,7,prepaid,north,13,1
3540,40,5,463.69,17.61,2,prepaid,north,3,1
3541,36,30,382.81,20.03,1,postpaid,west,5,0
3542,25,75,199.32,44.94,7,prepaid,north,12,1
3543,68,83,184.47,30.75,2,prepaid,south,6,0
3544,62,2,234.62,49.84,0,prepaid,south,11,1
3545,54,83,835.27,2.03,7,prepaid,south,6,0
3546,51,53,178.16,45.23,1,postpaid,north,2,0
3547,35,51,405.91,57.86,2,prepaid,south,2,0
3548,35,23,637.07,6.37,1,postpaid,west,11,1
3549,26,4,346.18,9.6,3,prepaid,south,10,1
3550,21,71,438.67,10.97,6,postpaid,north,4,0
3551,68,24,238.55,44.1,5,postpaid,south,8,1
3552,68,80,743.35,52.26,6,prepaid,west,8,0
3553,32,63,123.24,26.68,5,prepaid,west,10,0
3554,26,65,991.05,30.27,6,postpaid,north,7,1
3555,63,76,284.94,59.05,4,postpaid,west,1,0
3556,44,67,116.44,9.01,4,prepaid,east,5,0
3557,60,52,547.4,46.97,4,prepaid,north,12,1
3558,64,35,722.42,35.16,5,postpaid,north,6,1
3559,52,34,501.56,12.94,7,prepaid,north,8,1
3560,57,26,705.97,2.81,1,prepaid,east,4,1
3561,67,52,680.47,36.65,4,prepaid,south,12,1
3562,46,8,468.45,16.61,5,postpaid,east,6,1
3563,21,26,245.63,53.93,5,prepaid,west,9,1
3564,65,15,717.3,3.73,1,prepaid,south,3,0
3565,30,32,549.04,12.91,1,postpaid,east,5,1
3566,54,50,935.56,16.25,7,prepaid,north,4,0
3567,26,39,165.26,3.02,6,prepaid,west,9,1
3568,25,35,288.44,31.05,7,postpaid,south,0,0
3569,49,8,945.04,20.54,5,prepaid,south,13,1
3570,56,82,505.3,12.57,0,prepaid,south,1,0
3571,40,33,761.83,14.48,3,prepaid,south,9,1
3572,31,81,820.05,20.11,1,prepaid,north,14,0
3573,36,6,189.13,50.39,2,postpaid,east,5,1
3574,33,50,778.59,32.99,1,prepaid,south,2,0
3575,38,60,580.72,36.78,2,postpaid,west,8,0
3576,37,27,627.92,34.94,3,prepaid,east,4,0
3577,44,66,734.68,9.74,2,postpaid,north,0,0
3578,68,62,624.03,39.02,7,postpaid,south,12,1
3579,64,54,694.31,48.45,5,postpaid,west,6,0
3580,20,24,332.59,55.61,1,prepaid,west,4,0
3581,26,54,579.25,52.43,3,postpaid,south,5,0
3582,38,24,513.8,45.49,6,prepaid,west,6,1
3583,56,39,737.0,32.73,0,postpaid,west,2,0
3584,24,38,281.79,50.4,5,prepaid,south,9,1
3585,47,33,728.84,47.73,6,prepaid,north,9,1
3586,20,58,497.87,42.71,6,postpaid,east,12,1
3587,57,57,107.98,20.1,0,postpaid,south,6,0
3588,49,56,784.68,26.86,3,prepaid,west,5,0
3589,49,9,114.77,38.57,2,prepaid,west,6,1
3590,64,78,259.07,6.53,4,prepaid,south,0,0
3591,62,83,153.45,40.27,1,prepaid,west,7,0
3592,68,49,625.66,44.15,1,postpaid,west,6,0
3593,42,80,217.23,5.68,5,prepaid,east,8,0
3594,54,59,879.85,27.68,6,postpaid,west,1,0
3595,63,21,406.92,2.06,3,prepaid,south,11,1
3596,37,15,117.73,50.32,4,postpaid,north,5,1
3597,22,31,650.78,28.07,5,postpaid,north,12,1
3598,33,68,960.07,1.14,7,postpaid,east,5,1
3599,36,11,551.36,51.85,0,postpaid,south,14,1
3600,56,33,850.2,17.27,5,prepaid,north,9,1
3601,36,33,497.92,8.6,6,prepaid,north,14,1
3602,64,6,259.37,53.75,2,prepaid,west,3,1
3603,66,8,436.87,27.06,3,postpaid,south,0,1
3604,40,57,539.38,3.52,6,prepaid,west,2,1
3605,30,36,433.47,24.34,5,prepaid,south,10,1
3606,18,4,543.64,33.62,3,postpaid,east,14,1
3607,52,30,449.12,43.18,6,prepaid,north,12,1
3608,68,49,543.84,1.9,2,prepaid,north,13,1
3609,25,48,105.22,42.52,2,prepaid,south,8,0
3610,64,68,959.86,10.16,2,postpaid,east,7,0
3611,51,27,424.45,8.66,0,postpaid,south,2,1
3612,63,82,390.76,37.73,1,prepaid,north,9,0
3613,55,44,265.43,42.52,7,prepaid,south,8,1
3614,36,45,321.21,7.04,3,postpaid,north,14,1
3615,41,16,342.09,28.0,4,prepaid,north,7,1
3616,50,62,154.61,47.54,6,prepaid,east,7,1
3617,52,34,468.9,1.75,0,postpaid,east,13,1
3618,34,62,369.79,44.49,2,prepaid,south,13,0
3619,66,56,373.81,49.12,2,postpaid,south,11,1
3620,53,20,766.66,33.72,4,prepaid,north,13,1
3621,29,81,421.84,56.53,4,postpaid,east,1,0
3622,65,0,217.58,30.27,0,postpaid,east,3,1
3623,66,14,596.27,33.57,0,prepaid,east,14,1
3624,42,29,938.52,59.38,2,prepaid,south,11,0
3625,20,65,713.57,49.8,6,prepaid,west,4,0
3626,19,62,930.01,17.46,4,prepaid,north,6,0
3627,41,69,198.34,34.56,5,prepaid,south,4,1
3628,34,73,234.07,12.54,6,prepaid,east,12,0
3629,55,29,889.14,54.6,3,prepaid,east,0,0
3630,58,59,591.58,28.6,6,postpaid,east,14,0
3631,56,61,199.65,21.29,6,prepaid,east,7,1
3632,52,83,603.56,43.98,4,postpaid,east,1,0
3633,32,16,364.67,21.75,6,prepaid,east,2,1
3634,34,73,115.99,5.14,0,prepaid,north,3,0
3635,31,62,595.54,49.46,2,prepaid,east,1,0
3636,69,76,410.96,34.23,5,postpaid,west,5,1
3637,44,64,201.03,21.06,4,postpaid,north,9,1
3638,27,47,673.06,36.79,4,prepaid,north,10,0
3639,20,58,183.6,18.77,2,prepaid,east,5,0
3640,51,35,499.26,50.07,4,prepaid,north,5,1
3641,53,3,351.5,10.78,2,prepaid,south,6,1
3642,27,39,367.01,34.19,0,prepaid,east,2,0
3643,66,55,321.91,53.21,7,postpaid,east,2,1
3644,54,45,374.02,44.32,7,prepaid,south,10,1
3645,25,42,886.51,8.87,4,prepaid,north,5,1
3646,28,8,844.85,27.9,2,prepaid,north,0,0
3647,54,4,311.13,11.11,4,postpaid,east,11,1
3648,64,40,762.29,56.68,0,postpaid,north,4,0
3649,29,42,244.52,9.09,4,postpaid,north,3,1
3650,29,67,593.76,34.1,0,postpaid,south,14,0
3651,69,25,856.89,9.76,7,postpaid,west,1,1
3652,64,67,329.63,50.95,4,prepaid,east,2,0
3653,66,14,650.12,36.7,6,postpaid,north,4,1
3654,51,78,321.47,56.61,7,prepaid,west,2,0
3655,18,80,692.07,2.13,2,prepaid,south,4,0
3656,66,52,354.83,32.68,2,prepaid,north,4,0
3657,68,74,595.38,58.87,5,prepaid,south,5,0
3658,55,32,164.35,4.32,6,prepaid,east,2,1
3659,41,26,163.69,2.18,2,postpaid,west,13,1
3660,21,3,458.58,23.99,4,postpaid,east,0,1
3661,38,17,859.84,10.07,2,postpaid,north,7,1
3662,28,37,790.82,12.89,1,postpaid,west,3,1
3663,68,42,448.81,26.04,7,postpaid,west,7,1
3664,23,66,732.49,45.46,3,postpaid,east,13,1
3665,26,17,311.28,11.59,4,prepaid,east,7,1
3666,68,25,301.87,24.96,6,prepaid,south,12,1
3667,68,32,798.7,42.21,2,prepaid,south,6,0
3668,35,28,733.11,38.11,3,postpaid,west,8,1
3669,54,30,837.25,50.7,4,prepaid,west,10,0
3670,47,64,549.16,58.78,5,postpaid,south,4,0
3671,35,71,456.44,38.78,4,prepaid,east,2,0
3672,31,47,572.76,15.93,2,prepaid,north,3,0
3673,44,35,997.74,48.51,7,prepaid,west,7,1
3674,22,73,524.8,24.45,2,postpaid,west,4,1
3675,54,44,976.62,55.88,3,postpaid,south,12,1
3676,62,78,849.1,44.66,6,postpaid,west,14,1
3677,28,73,587.61,20.78,4,postpaid,east,0,0
3678,44,1,890.68,10.08,5,postpaid,west,13,1
3679,26,15,821.54,20.55,1,prepaid,west,1,1
3680,55,16,402.82,25.9,6,postpaid,south,0,1
3681,31,23,359.73,19.12,0,prepaid,north,8,0
3682,36,58,766.04,2.57,7,postpaid,north,5,1
3683,31,11,146.75,59.72,1,postpaid,east,7,1
3684,57,19,165.79,10.9,2,prepaid,east,11,1
3685,52,0,743.49,42.52,0,postpaid,east,5,0
3686,20,62,933.86,33.91,5,prepaid,east,7,0
3687,68,46,646.08,21.98,5,prepaid,north,5,0
3688,41,16,708.88,4.83,0,prepaid,south,7,0
3689,52,28,585.04,59.15,6,postpaid,east,12,0
3690,56,31,366.43,44.23,3,postpaid,east,0,0
3691,21,60,254.21,37.07,7,prepaid,south,2,0
3692,46,72,898.75,11.76,7,prepaid,south,4,0
3693,21,15,857.25,16.23,4,prepaid,east,13,1
3694,49,9,462.3,40.35,5,postpaid,west,12,1
3695,58,62,598.57,23.56,1,postpaid,east,3,0
3696,39,45,184.18,47.16,2,prepaid,east,12,0
3697,66,18,951.04,10.73,7,prepaid,west,5,1
3698,50,82,587.63,19.77,2,prepaid,south,14,0
3699,60,56,211.76,52.44,1,prepaid,west,0,0
3700,61,23,734.9,35.01,5,prepaid,west,9,1
3701,21,65,469.61,39.59,2,prepaid,east,9,0
3702,38,18,148.51,42.2,6,postpaid,south,13,1
3703,62,43,265.65,49.62,6,prepaid,north,0,0
3704,66,49,249.61,27.65,2,prepaid,north,10,1
3705,26,38,854.42,54.93,4,postpaid,north,3,0
3706,25,34,348.87,20.09,3,prepaid,west,6,0
3707,66,12,959.05,14.21,3,prepaid,south,5,1
3708,24,14,606.91,49.81,1,prepaid,east,1,0
3709,35,71,876.41,44.68,2,prepaid,south,6,0
3710,51,3,920.92,41.78,6,postpaid,north,2,1
3711,62,26,528.1,46.78,0,prepaid,east,3,0
3712,68,33,227.73,47.75,7,prepaid,south,3,1
3713,68,15,473.57,14.76,7,postpaid,east,8,1
3714,43,71,740.01,15.29,4,postpaid,west,12,0
3715,54,48,832.58,34.3,7,prepaid,south,5,0
3716,31,59,532.31,39.84,4,prepaid,east,8,0
3717,59,15,553.37,35.02,5,postpaid,south,7,1
3718,36,30,142.22,53.85,0,prepaid,east,14,0
3719,30,43,440.85,12.4,0,prepaid,west,10,0
3720,57,43,350.74,0.54,3,postpaid,east,14,1
3721,60,47,140.99,18.93,2,prepaid,east,9,1
3722,18,76,586.99,47.13,0,prepaid,east,8,0
3723,39,52,425.67,41.14,0,prepaid,east,0,0
3724,56,11,352.06,49.71,6,prepaid,east,10,1
3725,45,74,212.19,19.6,0,prepaid,north,6,0
3726,57,6,866.74,42.75,3,prepaid,east,4,1
3727,47,73,117.8,2.95,1,prepaid,north,0,0
3728,42,48,517.04,28.23,5,prepaid,west,8,1
3729,22,42,329.67,3.34,5,prepaid,north,12,1
3730,39,40,159.84,27.87,4,prepaid,west,6,0
3731,68,69,767.97,6.04,3,postpaid,east,13,1
3732,60,19,718.43,39.09,5,prepaid,south,13,1
3733,33,34,707.53,28.8,7,prepaid,south,14,1
3734,57,80,704.3,56.65,4,prepaid,west,6,0
3735,65,24,821.4,10.28,4,prepaid,west,0,1
3736,24,27,892.92,28.23,3,prepaid,east,8,1
3737,19,11,270.69,50.91,3,postpaid,north,12,1
3738,26,18,248.03,46.35,6,prepaid,south,13,1
3739,60,81,832.35,28.39,4,prepaid,west,3,0
3740,60,11,813.88,59.17,2,prepaid,west,8,0
3741,47,26,382.46,49.04,7,prepaid,east,1,1
3742,22,49,686.57,2.83,1,postpaid,south,8,1
3743,39,43,265.09,51.68,4,prepaid,west,5,0
3744,57,25,267.27,37.71,2,prepaid,east,1,1
3745,30,57,592.21,10.29,7,prepaid,south,13,1
3746,65,80,293.13,47.87,1,prepaid,south,1,0
3747,63,32,456.38,1.8,4,postpaid,west,4,1
3748,64,50,145.34,34.13,5,prepaid,east,0,0
3749,59,68,970.95,19.05,5,postpaid,south,14,1
3750,64,42,816.98,55.59,6,prepaid,east,1,0
3751,67,26,127.82,52.77,6,prepaid,east,13,1
3752,31,51,743.75,46.95,6,prepaid,east,8,1
3753,48,30,604.35,14.59,5,prepaid,north,7,1
3754,27,63,643.97,2.47,0,postpaid,south,13,0
3755,35,70,986.19,28.25,7,prepaid,north,6,0
3756,35,12,635.67,40.94,0,prepaid,south,11,0
3757,22,53,929.6,23.53,7,postpaid,south,8,1
3758,63,4,178.67,41.63,6,prepaid,north,13,1
3759,33,36,171.35,4.4,4,postpaid,north,14,1
3760,19,71,798.77,53.35,6,postpaid,east,10,1
3761,29,53,925.21,7.61,5,postpaid,south,8,0
3762,32,77,934.11,47.54,0,postpaid,east,7,0
3763,63,17,336.54,58.64,0,prepaid,north,13,1
3764,67,82,336.49,3.81,2,prepaid,north,14,1
3765,52,64,387.01,34.12,3,prepaid,north,2,0
3766,60,56,861.18,31.56,3,prepaid,west,9,0
3767,47,82,771.52,16.39,2,prepaid,south,1,0
3768,43,15,719.78,16.3,3,postpaid,south,13,1
3769,26,67,787.42,52.38,0,prepaid,south,12,0
3770,19,68,134.33,22.44,0,prepaid,west,4,0
3771,34,73,393.14,22.43,7,postpaid,west,6,1
3772,57,24,300.89,31.83,2,prepaid,north,5,1
3773,19,0,721.82,54.74,3,postpaid,south,4,0
3774,50,0,153.84,10.23,4,prepaid,east,4,1
3775,38,56,422.68,53.08,0,prepaid,south,1,0
3776,40,23,556.67,26.81,6,postpaid,south,0,1
3777,42,57,397.42,24.4,0,prepaid,north,13,0
3778,40,60,732.72,44.92,0,prepaid,south,8,0
3779,29,23,435.28,50.31,0,postpaid,east,12,1
3780,46,18,608.06,59.17,3,prepaid,north,0,0
3781,39,3,746.61,38.74,6,prepaid,south,5,0
3782,54,71,670.06,23.77,5,prepaid,south,1,0
3783,69,13,778.79,50.53,0,prepaid,north,5,0
3784,63,82,151.67,14.75,5,prepaid,south,10,0
3785,54,8,351.26,43.36,0,postpaid,north,13,1
3786,21,6,430.57,21.5,6,prepaid,south,2,1
3787,22,47,813.79,6.86,6,postpaid,east,2,0
3788,31,9,727.29,13.48,7,prepaid,north,12,1
3789,36,82,803.95,57.86,3,postpaid,north,5,0
3790,34,31,959.21,27.38,3,postpaid,east,2,1
3791,46,38,794.34,43.99,5,postpaid,west,13,1
3792,47,60,761.99,18.59,1,prepaid,north,11,0
3793,60,18,571.14,40.27,6,postpaid,north,10,1
3794,63,20,856.77,8.67,3,postpaid,north,12,1
3795,46,40,565.94,27.74,5,prepaid,north,8,1
3796,24,69,899.82,55.17,2,prepaid,north,11,0
3797,69,61,818.0,23.53,5,prepaid,north,6,0
3798,40,17,914.68,41.55,0,postpaid,east,2,1
3799,24,70,493.3,54.66,2,postpaid,west,14,0
3800,56,49,547.54,39.78,4,postpaid,north,4,0
3801,46,70,520.59,49.41,4,prepaid,west,5,0
3802,58,65,180.05,21.37,3,prepaid,south,11,0
3803,41,44,995.58,46.11,4,postpaid,east,2,0
3804,29,10,316.02,48.6,3,prepaid,east,0,1
3805,41,24,871.75,13.56,1,postpaid,east,4,0
3806,31,47,469.29,7.24,0,postpaid,west,7,1
3807,59,9,798.77,0.67,2,prepaid,north,3,0
3808,66,22,551.27,54.02,1,postpaid,west,4,1
3809,49,52,748.87,34.08,1,postpaid,east,4,0
3810,36,44,299.76,0.6,1,prepaid,south,14,1
3811,53,12,954.88,22.99,1,postpaid,east,13,1
3812,68,16,495.38,42.07,7,postpaid,north,9,1
3813,64,39,668.26,45.24,5,prepaid,north,13,1
3814,39,24,996.9,16.09,2,prepaid,east,0,0
3815,63,56,378.12,45.86,5,prepaid,west,2,0
3816,37,38,737.2,16.82,2,postpaid,south,8,1
3817,48,4,248.3,37.47,3,prepaid,south,2,1
3818,61,2,145.97,49.77,2,postpaid,west,2,1
3819,45,42,236.79,6.05,0,prepaid,north,3,1
3820,27,4,261.52,59.79,7,prepaid,south,12,1
3821,21,63,242.56,45.77,1,postpaid,north,0,0
3822,22,37,274.18,28.13,2,prepaid,south,1,0
3823,29,15,517.82,15.36,7,prepaid,north,14,1
3824,26,30,633.86,35.46,5,postpaid,south,0,1
3825,64,9,997.84,45.45,2,prepaid,south,13,0
3826,69,8,671.28,31.15,2,postpaid,west,4,1
3827,24,23,466.54,41.62,1,postpaid,north,12,1
3828,60,70,480.82,43.89,3,prepaid,west,2,0
3829,44,58,674.8,34.78,0,prepaid,east,10,0
3830,43,21,928.57,54.38,5,postpaid,west,5,1
3831,46,79,731.6,45.71,5,prepaid,north,4,0
3832,24,53,416.39,32.96,6,prepaid,north,1,0
3833,51,60,802.01,14.67,1,prepaid,north,3,0
3834,46,81,755.96,7.36,7,postpaid,north,3,0
3835,29,39,400.8,32.03,4,postpaid,west,11,1
3836,54,29,112.71,16.15,0,prepaid,west,6,0
3837,50,61,215.79,53.1,6,prepaid,north,6,0
3838,19,31,854.94,42.71,0,prepaid,east,14,0
3839,68,58,896.35,27.23,2,postpaid,south,3,0
3840,20,41,357.6,58.09,3,prepaid,east,5,1
3841,61,61,414.19,21.66,0,prepaid,south,13,0
3842,28,6,337.61,5.09,4,postpaid,south,13,1
3843,60,48,865.46,45.32,2,prepaid,east,0,1
3844,62,65,721.72,21.98,0,prepaid,west,14,0
3845,46,41,467.23,37.7,0,postpaid,west,11,1
3846,42,79,595.35,38.12,3,prepaid,north,3,0
3847,18,66,493.38,49.39,2,postpaid,east,8,0
3848,34,43,792.75,7.66,5,postpaid,south,0,0
3849,53,59,527.57,38.78,2,prepaid,east,1,0
3850,37,65,811.74,58.41,7,prepaid,west,6,0
3851,38,31,703.8,25.69,2,prepaid,north,8,0
3852,64,16,692.15,29.7,5,prepaid,east,11,0
3853,60,9,396.77,46.49,4,postpaid,south,11,1
3854,24,8,677.84,1.06,7,postpaid,east,12,1
3855,54,43,574.76,28.29,0,postpaid,north,5,0
3856,54,23,216.43,42.21,4,prepaid,north,2,1
3857,28,10,266.63,49.89,3,postpaid,east,9,1
3858,47,76,387.61,26.27,0,postpaid,south,3,0
3859,64,23,377.78,59.47,0,prepaid,west,6,0
3860,21,53,561.5,1.45,1,postpaid,north,1,0
3861,29,25,225.58,21.56,7,prepaid,south,8,1
3862,63,78,522.01,25.86,4,prepaid,east,0,0
3863,61,2,806.52,2.22,3,postpaid,west,2,1
3864,69,57,402.15,46.36,4,prepaid,north,11,0
3865,35,63,799.64,6.31,6,prepaid,east,11,1
3866,62,60,664.47,46.94,4,prepaid,east,9,0
3867,31,75,156.09,58.41,1,prepaid,north,14,0
3868,68,21,129.1,42.01,0,prepaid,north,5,0
3869,54,80,836.02,54.73,0,prepaid,north,8,0
3870,19,65,131.62,57.91,4,prepaid,north,0,0
3871,27,44,963.9,2.87,1,prepaid,east,1,0
3872,62,11,335.7,29.51,4,prepaid,east,9,1
3873,40,25,870.55,20.45,0,postpaid,east,4,0
3874,41,51,902.26,33.51,2,postpaid,east,0,0
3875,45,52,645.37,42.02,2,prepaid,south,10,0
3876,24,60,571.08,3.52,5,postpaid,west,13,1
3877,59,29,325.5,23.41,0,prepaid,south,7,0
3878,45,55,113.29,59.66,2,prepaid,north,9,0
3879,64,24,332.0,50.37,3,prepaid,south,10,1
3880,69,11,991.02,58.91,4,prepaid,east,10,1
3881,62,39,449.31,31.53,4,postpaid,west,14,1
3882,57,80,522.37,24.09,2,postpaid,north,12,0
3883,32,65,412.82,37.45,2,postpaid,east,1,0
3884,42,41,549.5,19.02,6,prepaid,north,4,0
3885,49,15,195.21,55.23,0,prepaid,north,9,0
3886,51,26,390.68,44.6,5,prepaid,north,0,0
3887,58,60,565.65,36.54,4,prepaid,north,1,0
3888,26,22,715.74,44.19,6,prepaid,south,3,0
3889,51,77,625.84,38.85,1,prepaid,east,7,0
3890,67,75,622.81,32.17,1,postpaid,north,1,0
3891,37,29,259.78,35.53,5,prepaid,west,7,1
3892,48,63,225.72,6.35,7,prepaid,east,13,1
3893,42,33,683.55,57.58,6,prepaid,east,12,1
3894,42,16,134.11,46.72,5,prepaid,south,14,1
3895,48,72,102.7,34.69,7,prepaid,west,12,1
3896,33,46,511.64,37.95,7,postpaid,south,9,1
3897,18,54,474.79,45.1,5,postpaid,north,8,1
3898,47,4,953.35,49.8,5,postpaid,north,4,1
3899,64,28,196.12,10.73,3,prepaid,east,5,0
3900,41,77,364.27,3.65,5,prepaid,north,6,1
3901,36,46,887.56,47.24,2,prepaid,east,5,0
3902,32,78,479.96,12.23,1,prepaid,east,12,0
3903,67,8,304.68,26.36,6,postpaid,north,9,1
3904,21,82,760.6,17.6,6,postpaid,north,9,0
3905,55,26,611.22,24.78,1,prepaid,east,6,0
3906,25,2,511.1,45.42,2,prepaid,west,5,1
3907,55,57,331.06,1.82,2,postpaid,north,14,1
3908,22,24,633.87,46.08,5,prepaid,north,0,1
3909,45,33,829.82,18.28,0,prepaid,west,12,0
3910,34,75,838.71,47.63,4,prepaid,north,8,0
3911,31,5,157.37,36.58,5,postpaid,west,12,1
3912,18,65,502.53,58.9,7,postpaid,west,9,1
3913,22,36,556.94,12.11,0,prepaid,south,7,0
3914,32,23,546.0,23.03,3,prepaid,north,0,0
3915,55,47,842.73,51.14,1,prepaid,south,11,0
3916,46,29,397.41,20.87,5,postpaid,north,8,1
3917,33,71,429.84,4.77,2,prepaid,south,0,0
3918,26,57,528.51,9.73,2,prepaid,north,13,1
3919,69,13,599.79,51.29,3,prepaid,north,13,1
3920,49,70,932.95,43.92,1,prepaid,south,6,0
3921,40,80,469.36,40.19,6,prepaid,east,3,0
3922,60,68,464.47,26.96,7,prepaid,north,7,1
3923,65,69,130.77,33.36,4,postpaid,east,2,1
3924,62,62,460.56,24.4,1,prepaid,east,1,0
3925,19,9,830.58,20.04,3,postpaid,west,12,1
3926,41,47,323.85,10.11,3,prepaid,east,3,0
3927,60,17,310.05,55.95,4,postpaid,north,4,1
3928,61,75,365.95,13.34,4,postpaid,south,6,0
3929,68,42,241.47,59.12,3,prepaid,north,3,1
3930,22,39,495.78,46.82,6,postpaid,west,4,1
3931,43,25,845.49,48.83,3,prepaid,west,6,0
3932,47,35,895.39,27.71,0,postpaid,north,2,0
3933,24,28,710.46,29.14,0,prepaid,east,4,0
3934,40,53,973.37,5.16,6,postpaid,west,7,1
3935,29,9,441.79,39.3,7,prepaid,north,10,1
3936,41,43,550.6,19.76,6,prepaid,west,1,1
3937,34,81,494.37,11.21,6,postpaid,north,3,0
3938,65,21,253.4,31.55,2,prepaid,west,7,1
3939,30,8,304.54,28.95,7,postpaid,south,12,1
3940,35,18,666.64,43.99,3,postpaid,east,11,1
3941,58,5,747.46,49.88,4,prepaid,north,0,0
3942,67,53,736.21,25.66,2,prepaid,north,14,0
3943,43,45,256.36,13.17,2,postpaid,south,9,1
3944,59,7,933.11,45.72,0,prepaid,east,1,0
3945,26,66,960.49,41.97,1,postpaid,west,4,0
3946,58,27,215.51,17.76,6,prepaid,north,12,1
3947,40,39,357.04,44.27,6,postpaid,east,6,0
3948,45,46,287.75,47.52,2,postpaid,south,4,1
3949,28,56,487.77,46.0,3,prepaid,east,9,0
3950,60,79,713.54,35.81,1,prepaid,east,13,0
3951,60,5,449.08,50.69,4,postpaid,east,3,1
3952,23,45,878.36,9.11,0,prepaid,west,5,0
3953,67,56,430.39,28.34,6,prepaid,north,5,0
3954,44,72,595.72,1.38,0,prepaid,south,7,0
3955,35,52,563.52,25.47,2,postpaid,west,2,0
3956,33,44,480.78,55.47,6,postpaid,east,12,1
3957,22,67,971.53,25.88,3,prepaid,north,1,0
3958,69,2,684.38,54.12,0,prepaid,south,9,1
3959,57,12,915.97,57.28,6,postpaid,west,7,1
3960,40,39,795.74,14.3,5,prepaid,east,7,1
3961,60,5,792.23,27.13,1,prepaid,east,2,0
3962,36,22,586.15,12.38,4,postpaid,south,5,1
3963,30,8,835.46,43.58,7,postpaid,east,4,1
3964,32,40,827.95,45.24,5,prepaid,east,1,1
3965,53,25,147.45,36.43,4,prepaid,west,10,1
3966,66,63,127.7,9.49,6,postpaid,east,2,1
3967,58,64,379.29,11.54,1,prepaid,north,0,0
3968,37,10,875.33,38.53,2,postpaid,south,4,0
3969,51,3,913.92,54.53,5,prepaid,east,11,1
3970,33,76,786.85,58.47,7,postpaid,north,10,0
3971,67,74,662.09,38.25,5,postpaid,north,4,0
3972,45,43,643.43,18.66,3,postpaid,east,14,1
3973,36,83,692.8,41.55,6,prepaid,north,5,0
3974,67,50,797.08,6.83,0,prepaid,south,1,0
3975,46,41,655.08,26.85,1,postpaid,west,11,1
3976,63,1,818.75,24.33,7,postpaid,west,8,1
3977,53,55,925.29,39.24,2,prepaid,south,5,0
3978,43,47,117.96,50.39,4,prepaid,east,14,1
3979,31,67,891.51,13.46,4,prepaid,east,6,0
3980,45,63,788.95,21.32,0,prepaid,north,7,0
3981,63,8,515.11,28.3,4,prepaid,north,6,1
3982,44,9,853.44,2.3,7,postpaid,east,0,1
3983,51,74,130.72,32.59,3,postpaid,west,5,1
3984,64,60,868.19,27.38,3,prepaid,north,0,0
3985,30,4,722.37,25.86,3,prepaid,west,5,0
3986,27,19,424.59,45.64,1,postpaid,east,0,1
3987,21,59,492.16,3.2,7,postpaid,south,0,0
3988,60,61,718.08,59.85,7,prepaid,north,8,0
3989,39,32,169.43,25.11,3,prepaid,west,4,0
3990,25,61,391.26,28.77,6,prepaid,north,4,1
3991,20,47,581.81,30.49,3,prepaid,east,0,0
3992,44,23,670.63,50.56,5,prepaid,west,11,1
3993,32,76,226.7,52.15,2,prepaid,north,7,0
3994,65,48,835.88,27.07,1,prepaid,west,12,0
3995,29,12,575.86,3.32,1,prepaid,east,1,1
3996,64,7,137.36,9.97,2,prepaid,north,2,1
3997,38,19,471.35,36.88,1,postpaid,south,4,1
3998,22,69,980.24,49.24,5,postpaid,north,4,0
3999,69,67,550.62,14.09,5,prepaid,north,1,0
4000,37,55,596.08,59.0,7,postpaid,east,5,1
4001,48,11,626.44,4.02,0,prepaid,west,8,0
4002,53,12,753.06,3.43,1,prepaid,east,5,0
4003,65,17,672.53,14.64,2,postpaid,north,14,1
4004,64,60,851.96,25.76,0,prepaid,south,11,0
4005,29,2,541.28,52.03,0,prepaid,west,3,1
4006,51,75,228.78,43.28,1,postpaid,west,6,0
4007,51,77,380.88,13.63,4,postpaid,east,12,1
4008,22,48,563.18,46.1,5,prepaid,west,3,0
4009,61,57,278.8,8.48,2,postpaid,south,1,1
4010,21,13,364.46,7.04,4,prepaid,south,13,1
4011,19,83,449.34,49.13,0,prepaid,north,2,0
4012,34,66,725.38,52.91,7,postpaid,west,3,0
4013,22,36,320.72,46.78,2,postpaid,west,5,0
4014,54,76,512.99,7.95,3,postpaid,south,3,0
4015,31,2,668.78,38.18,4,postpaid,south,12,1
4016,49,1,796.25,55.62,4,postpaid,north,11,1
4017,68,65,572.04,41.92,5,prepaid,south,12,0
4018,29,57,686.39,44.74,4,postpaid,south,7,1
4019,49,62,244.04,43.51,2,prepaid,north,1,0
4020,55,66,734.84,2.28,5,prepaid,south,14,0
4021,44,62,692.87,57.38,4,postpaid,north,6,0
4022,45,51,615.52,24.61,0,postpaid,north,4,0
4023,65,65,944.21,3.68,6,prepaid,east,4,0
4024,43,45,816.32,32.61,6,postpaid,north,9,1
4025,60,13,306.46,26.45,0,prepaid,west,14,1
4026,22,20,617.66,44.74,3,prepaid,north,14,1
4027,19,71,130.38,12.65,0,prepaid,south,8,0
4028,55,77,487.6,3.91,4,prepaid,north,5,1
4029,20,16,648.58,4.25,1,postpaid,north,11,0
4030,47,66,500.35,42.38,0,prepaid,east,7,0
4031,29,65,699.62,4.77,0,prepaid,east,5,0
4032,52,26,394.04,48.72,4,prepaid,north,8,1
4033,67,6,274.3,44.39,6,postpaid,west,7,1
4034,24,39,362.8,20.8,2,postpaid,west,7,1
4035,43,49,160.17,13.48,0,prepaid,north,3,0
4036,55,32,166.54,17.13,3,prepaid,north,8,1
4037,43,23,710.5,6.49,0,postpaid,north,14,1
4038,36,25,646.47,43.37,3,prepaid,east,7,0
4039,32,9,598.87,18.79,4,prepaid,north,5,0
4040,49,54,528.08,19.71,2,postpaid,east,7,0
4041,32,51,381.83,11.37,1,postpaid,east,14,1
4042,47,73,506.23,28.72,7,postpaid,south,4,0
4043,69,61,243.54,38.67,1,postpaid,south,3,0
4044,68,22,772.36,45.88,3,postpaid,south,12,0
4045,66,57,547.37,48.22,5,prepaid,north,14,0
4046,37,47,935.88,27.08,5,prepaid,east,11,1
4047,23,49,892.08,3.57,3,postpaid,east,14,1
4048,28,69,500.04,4.81,5,postpaid,north,6,0
4049,64,31,107.86,43.22,0,postpaid,south,8,1
4050,29,65,860.16,11.7,5,prepaid,north,10,1
4051,63,76,303.16,29.76,6,prepaid,north,12,0
4052,66,73,371.27,20.78,4,prepaid,east,9,0
4053,44,0,588.12,32.55,6,prepaid,north,5,1
4054,19,39,973.66,9.96,6,prepaid,south,3,0
4055,37,72,492.25,47.78,5,prepaid,south,11,1
4056,21,9,548.82,46.43,1,prepaid,east,1,0
4057,57,16,787.6,50.09,5,postpaid,south,13,1
4058,56,45,245.66,51.7,3,postpaid,east,0,1
4059,66,46,538.91,7.96,2,postpaid,south,8,0
4060,34,79,883.1,57.75,1,prepaid,south,12,0
4061,35,57,775.2,28.63,6,postpaid,north,2,0
4062,33,25,436.71,56.18,4,postpaid,south,14,1
4063,25,34,770.75,44.88,7,prepaid,south,13,1
4064,55,5,890.91,20.63,0,postpaid,south,10,0
4065,66,12,946.84,55.14,1,prepaid,north,14,0
4066,24,40,284.63,49.9,7,postpaid,east,2,1
4067,57,43,814.39,21.95,7,postpaid,west,2,1
4068,32,68,393.74,17.01,6,postpaid,west,6,1
4069,25,58,817.99,47.34,4,prepaid,north,10,0
4070,26,75,125.26,21.39,0,prepaid,east,8,0
4071,61,81,917.42,49.43,7,postpaid,west,8,1
4072,29,67,521.71,13.76,5,prepaid,north,6,0
4073,27,56,305.19,45.89,3,prepaid,south,7,0
4074,60,46,121.4,10.81,3,prepaid,east,4,1
4075,34,50,666.69,8.76,5,prepaid,north,13,1
4076,49,52,935.47,26.79,4,postpaid,south,6,0
4077,19,77,192.07,25.01,0,prepaid,north,6,0
4078,58,28,376.17,8.5,2,prepaid,east,6,0
4079,30,75,302.36,42.73,7,postpaid,south,12,1
4080,25,2,524.14,40.48,0,prepaid,north,1,0
4081,38,39,496.98,57.03,5,prepaid,south,13,1
4082,19,57,625.77,33.96,6,prepaid,east,0,1
4083,67,37,632.92,43.75,6,postpaid,west,2,1
4084,40,44,345.78,19.93,4,postpaid,east,5,1
4085,61,38,697.17,39.17,5,postpaid,south,2,1
4086,32,63,203.67,46.84,3,prepaid,east,9,0
4087,32,68,195.21,23.55,7,prepaid,north,14,1
4088,44,1,840.88,36.36,7,prepaid,west,7,1
4089,65,53,151.41,35.28,5,prepaid,south,12,1
4090,25,67,936.64,33.24,6,prepaid,north,6,1
4091,36,7,944.18,18.72,2,prepaid,west,0,1
4092,63,22,584.2,4.3,2,prepaid,north,10,1
4093,63,31,334.35,32.47,1,prepaid,south,8,0
4094,53,54,434.6,1.22,0,postpaid,east,8,0
4095,61,10,320.93,15.88,6,postpaid,east,11,1
4096,23,78,411.41,49.98,6,postpaid,north,11,0
4097,66,81,434.83,24.3,3,postpaid,north,1,0
4098,54,29,960.1,9.41,3,prepaid,north,8,1
4099,40,51,140.5,4.18,5,postpaid,north,13,1
4100,69,49,665.02,36.32,4,postpaid,north,10,1
4101,58,24,941.47,34.39,0,prepaid,east,7,0
4102,23,24,969.93,41.63,4,prepaid,east,9,1
4103,27,58,638.79,4.65,0,prepaid,west,12,0
4104,45,67,489.49,44.5,7,prepaid,south,4,0
4105,26,52,339.32,51.53,1,prepaid,north,8,0
4106,44,77,998.77,19.22,5,postpaid,east,1,0
4107,30,9,775.95,35.78,2,prepaid,east,8,1
4108,21,59,943.46,57.63,1,postpaid,south,11,0
4109,40,32,563.0,38.54,4,postpaid,south,5,1
4110,30,53,637.67,1.33,2,prepaid,east,12,1
4111,22,3,757.0,31.51,2,prepaid,west,3,1
4112,27,21,495.82,48.6,2,postpaid,east,3,0
4113,28,61,752.39,31.75,7,prepaid,east,14,0
4114,40,17,355.3,21.29,5,prepaid,north,6,1
4115,38,66,906.28,50.63,1,prepaid,south,13,0
4116,40,21,418.48,30.73,7,postpaid,east,14,1
4117,37,40,593.46,7.95,4,prepaid,west,0,1
4118,57,52,144.42,21.27,7,postpaid,south,5,1
4119,33,58,928.55,6.54,4,prepaid,north,11,1
4120,30,72,775.72,8.65,6,postpaid,north,1,0
4121,63,44,802.81,36.48,3,postpaid,south,11,1
4122,45,20,461.51,45.53,0,prepaid,east,1,0
4123,37,40,878.76,53.02,1,prepaid,west,5,0
4124,61,7,158.2,48.33,4,prepaid,south,8,1
4125,66,74,846.93,45.68,1,prepaid,west,12,0
4126,19,18,496.17,52.03,4,prepaid,north,6,0
4127,43,5,542.78,27.57,5,prepaid,east,9,1
4128,55,58,619.27,22.42,4,postpaid,north,4,1
4129,42,43,241.05,4.65,3,postpaid,east,7,1
4130,34,44,722.02,3.61,5,prepaid,south,11,1
4131,48,12,498.53,19.12,0,postpaid,west,11,0
4132,38,43,918.97,12.55,4,prepaid,south,6,0
4133,40,42,883.29,56.06,0,prepaid,south,14,0
4134,36,24,330.98,6.02,3,postpaid,east,1,1
4135,50,24,655.06,43.83,6,postpaid,west,2,1
4136,58,36,572.74,41.52,5,prepaid,north,14,1
4137,22,27,756.46,8.03,2,postpaid,north,4,0
4138,57,25,133.03,37.28,2,prepaid,north,11,0
4139,45,61,653.43,54.62,2,prepaid,south,6,0
4140,61,5,150.99,22.68,1,prepaid,south,13,1
4141,54,42,429.14,3.02,3,prepaid,east,14,1
4142,68,8,174.21,48.91,0,postpaid,west,13,1
4143,44,82,506.29,19.5,1,prepaid,east,14,0
4144,29,66,278.12,2.56,0,postpaid,south,6,0
4145,20,35,673.19,45.7,7,postpaid,east,5,1
4146,34,10,213.58,24.57,4,prepaid,north,8,1
4147,62,34,929.68,3.88,0,prepaid,north,2,0
4148,58,77,366.72,32.95,4,prepaid,west,11,0
4149,57,43,373.24,7.39,4,prepaid,west,9,1
4150,34,48,180.25,40.31,6,prepaid,east,0,1
4151,28,57,996.74,32.68,3,prepaid,east,1,0
4152,67,32,747.65,39.0,7,postpaid,east,2,1
4153,21,43,228.5,10.78,3,prepaid,east,0,1
4154,64,1,130.92,10.13,3,prepaid,north,13,1
4155,33,8,891.58,58.65,5,prepaid,south,2,0
4156,60,63,416.12,32.59,4,prepaid,south,13,0
4157,24,37,678.67,21.39,0,prepaid,north,2,0
4158,20,28,452.96,54.47,0,prepaid,north,8,0
4159,66,57,643.35,37.92,1,postpaid,east,9,0
4160,43,68,349.41,11.66,4,prepaid,north,9,1
4161,45,22,191.77,31.41,1,prepaid,east,14,1
4162,69,72,655.48,16.55,1,prepaid,west,1,0
4163,36,49,303.97,57.79,3,prepaid,east,6,0
4164,26,7,968.82,53.45,2,prepaid,south,3,0
4165,44,43,610.91,47.22,0,prepaid,east,13,0
4166,31,71,310.85,47.79,0,prepaid,north,10,0
4167,53,30,185.34,51.19,6,postpaid,north,1,1
4168,19,9,581.42,11.32,7,prepaid,south,5,0
4169,58,22,957.59,52.32,4,postpaid,north,10,1
4170,40,15,270.55,4.92,0,prepaid,west,8,1
4171,24,53,526.62,44.94,0,postpaid,west,7,0
4172,53,44,542.49,47.11,7,postpaid,south,1,1
4173,48,79,967.91,47.9,5,prepaid,north,9,0
4174,19,47,435.31,18.73,0,postpaid,west,14,1
4175,37,79,849.59,3.24,0,prepaid,west,11,0
4176,53,72,425.93,10.44,1,postpaid,north,2,0
4177,49,56,218.54,43.88,6,postpaid,north,4,1
4178,27,70,696.84,18.23,4,prepaid,north,0,1
4179,39,45,378.21,55.38,4,postpaid,south,11,1
4180,20,6,923.04,41.58,4,postpaid,north,0,0
4181,18,28,197.71,39.7,6,postpaid,north,2,1
4182,49,40,417.34,47.76,3,prepaid,north,3,0
4183,47,38,160.94,2.75,2,postpaid,east,11,1
4184,35,64,989.55,30.08,2,prepaid,west,14,0
4185,63,8,361.42,47.84,2,postpaid,north,13,1
4186,57,23,103.79,53.46,0,prepaid,north,9,0
4187,62,47,218.32,2.57,2,prepaid,east,3,1
4188,32,38,323.6,24.27,4,prepaid,north,6,1
4189,41,58,276.39,19.38,1,prepaid,north,0,0
4190,26,63,356.89,46.52,1,prepaid,east,2,0
4191,56,40,873.09,14.39,3,prepaid,north,13,1
4192,28,9,832.07,46.96,0,postpaid,north,1,0
4193,67,9,300.94,43.03,1,prepaid,south,10,1
4194,44,48,251.69,3.39,7,prepaid,south,13,1
4195,18,36,880.72,56.65,0,prepaid,west,0,0
4196,37,33,547.5,1.03,1,postpaid,east,13,1
4197,66,10,727.98,3.84,7,prepaid,north,5,1
4198,54,25,453.4,20.42,2,prepaid,north,9,1
4199,39,19,861.67,51.41,1,postpaid,north,2,0
4200,27,76,892.0,9.9,4,postpaid,south,9,0
4201,30,36,302.8,37.52,6,prepaid,west,0,0
4202,26,30,891.56,14.93,3,prepaid,north,5,1
4203,69,64,563.29,25.65,6,prepaid,north,12,0
4204,18,48,136.78,26.0,7,postpaid,south,9,1
4205,18,15,364.18,47.59,0,postpaid,north,1,0
4206,41,27,829.31,12.57,1,postpaid,south,5,0
4207,57,46,754.55,19.92,1,prepaid,north,2,0
4208,31,54,867.75,56.04,6,prepaid,west,9,0
4209,61,56,764.87,38.64,5,prepaid,east,5,0
4210,37,69,527.36,34.96,7,prepaid,north,11,1
4211,27,59,937.97,8.25,4,prepaid,south,7,1
4212,22,82,187.71,22.37,5,prepaid,west,8,0
4213,32,67,444.96,48.39,1,prepaid,north,12,0
4214,29,4,906.89,33.01,5,prepaid,east,5,1
4215,28,45,257.59,2.04,0,prepaid,north,12,1
4216,25,82,290.14,36.73,4,postpaid,west,4,0
4217,27,9,128.85,37.37,5,postpaid,north,12,1
4218,50,38,333.97,42.92,1,postpaid,north,4,0
4219,38,47,284.32,4.88,3,prepaid,west,14,1
4220,34,33,423.9,13.21,5,postpaid,west,5,1
4221,25,9,688.73,26.0,3,prepaid,north,5,1
4222,65,45,138.97,1.94,6,prepaid,north,11,1
4223,44,59,203.9,20.03,6,prepaid,south,6,1
4224,23,63,266.48,4.98,3,prepaid,north,12,0
4225,41,58,605.25,0.89,3,postpaid,north,3,1
4226,58,30,787.51,38.5,2,prepaid,south,13,0
4227,47,42,892.15,31.27,0,prepaid,south,6,0
4228,38,75,259.41,27.41,2,prepaid,east,3,0
4229,26,55,729.61,29.31,5,postpaid,west,8,0
4230,30,13,117.59,36.07,7,postpaid,north,10,1
4231,19,48,621.03,18.5,0,postpaid,north,2,0
4232,27,24,987.47,15.88,4,prepaid,north,3,1
4233,54,45,610.5,16.61,7,prepaid,west,8,1
4234,67,22,961.37,2.78,3,prepaid,north,2,0
4235,55,41,502.57,24.76,5,prepaid,west,1,0
4236,23,62,102.19,26.02,3,prepaid,west,14,0
4237,41,11,466.41,21.95,3,postpaid,south,14,1
4238,64,68,472.48,43.61,3,prepaid,north,9,0
4239,44,81,429.48,12.84,4,postpaid,east,8,1
4240,63,1,675.59,35.75,4,prepaid,west,3,1
4241,29,56,640.51,27.51,2,postpaid,west,4,0
4242,34,63,740.59,56.95,5,prepaid,east,5,0
4243,52,44,668.05,53.39,6,postpaid,south,9,1
4244,32,59,198.83,59.99,2,postpaid,south,6,0
4245,33,11,140.9,1.26,3,postpaid,south,2,1
4246,39,31,646.69,21.82,5,postpaid,west,1,1
4247,59,45,120.24,57.06,7,prepaid,south,5,1
4248,29,4,548.7,43.11,0,prepaid,west,12,0
4249,50,32,807.95,25.75,1,prepaid,east,14,0
4250,47,53,387.81,45.01,7,prepaid,east,0,0
4251,40,11,683.55,27.22,0,prepaid,west,4,1
4252,33,42,352.42,25.21,6,prepaid,south,0,0
4253,42,4,544.77,58.25,0,postpaid,south,0,0
4254,54,74,938.78,54.05,0,prepaid,north,3,0
4255,63,60,284.9,5.98,2,prepaid,west,12,0
4256,48,9,473.35,56.88,0,postpaid,south,3,1
4257,28,46,771.73,18.16,5,prepaid,south,9,1
4258,52,27,113.37,35.03,2,postpaid,west,3,0
4259,41,0,236.67,27.7,0,postpaid,north,5,1
4260,29,82,147.79,47.24,5,prepaid,south,0,0
4261,44,34,309.28,46.41,3,postpaid,south,0,0
4262,44,26,572.23,49.84,7,prepaid,east,13,1
4263,34,51,385.51,31.58,2,postpaid,north,10,0
4264,61,11,336.24,15.99,5,prepaid,south,3,1
4265,32,1,476.73,27.25,6,prepaid,west,2,0
4266,18,76,998.08,59.1,5,prepaid,west,1,0
4267,19,55,353.56,25.5,2,prepaid,north,10,0
4268,67,2,278.88,58.09,3,postpaid,east,13,1
4269,62,33,575.23,43.22,4,postpaid,north,5,1
4270,57,75,763.12,8.96,1,postpaid,south,3,0
4271,58,70,408.32,44.64,5,postpaid,east,7,0
4272,64,62,880.43,32.65,0,prepaid,north,9,0
4273,67,4,170.07,18.55,1,prepaid,north,10,1
4274,58,22,549.36,22.72,7,prepaid,north,10,1
4275,33,50,856.01,32.79,4,prepaid,north,2,0
4276,66,82,283.14,11.97,0,prepaid,south,11,0
4277,25,78,202.35,5.38,3,postpaid,north,0,0
4278,31,49,521.47,35.43,6,postpaid,east,13,1
4279,22,32,816.59,12.94,0,postpaid,east,4,1
4280,27,26,226.8,6.46,4,postpaid,north,5,1
4281,24,50,544.91,1.9,7,postpaid,south,4,1
4282,38,64,621.3,50.51,7,postpaid,south,4,0
4283,51,58,586.13,38.03,0,postpaid,south,9,0
4284,19,59,744.84,27.61,6,prepaid,east,11,1
4285,39,53,397.8,13.58,7,prepaid,east,12,1
4286,50,46,568.79,36.9,2,postpaid,east,12,1
4287,24,22,728.01,16.24,2,postpaid,west,5,1
4288,48,67,241.15,47.62,5,postpaid,north,2,0
4289,20,55,368.28,19.96,2,prepaid,east,5,0
4290,55,41,374.04,3.48,7,prepaid,west,12,1
4291,25,59,932.37,28.39,6,prepaid,north,0,0
4292,21,47,822.04,23.21,4,prepaid,west,6,0
4293,41,40,508.24,53.75,0,prepaid,east,1,0
4294,59,29,970.98,38.55,7,prepaid,west,9,1
4295,50,25,472.93,41.95,5,prepaid,north,4,1
4296,52,65,389.58,20.65,4,postpaid,west,13,0
4297,28,66,245.11,29.38,6,prepaid,east,5,1
4298,37,6,368.31,44.99,3,postpaid,south,2,1
4299,48,54,525.08,45.06,7,postpaid,south,8,1
4300,36,62,811.85,14.99,0,prepaid,south,12,0
4301,68,58,740.11,6.63,6,prepaid,south,13,1
4302,45,3,227.85,28.89,4,prepaid,east,0,1
4303,18,71,174.76,32.68,2,postpaid,north,8,0
4304,23,54,679.1,10.38,4,postpaid,south,5,0
4305,58,66,979.47,32.84,5,prepaid,south,0,0
4306,25,10,273.6,53.34,0,prepaid,east,5,1
4307,31,68,767.44,13.27,2,prepaid,south,0,0
4308,69,22,325.22,19.65,7,postpaid,east,8,1
4309,29,14,143.27,19.86,0,postpaid,south,3,0
4310,28,61,420.16,28.17,4,prepaid,east,12,0
4311,64,21,263.85,42.29,0,postpaid,east,8,0
4312,42,12,609.53,34.92,4,prepaid,north,0,0
4313,61,71,905.42,27.11,0,prepaid,south,12,0
4314,64,43,665.36,47.4,3,postpaid,south,11,1
4315,39,30,258.5,32.37,4,postpaid,north,5,1
4316,69,23,855.88,34.75,6,postpaid,north,13,1
4317,31,23,235.14,21.46,3,postpaid,west,0,1
4318,49,18,381.17,7.55,2,postpaid,north,11,1
4319,34,39,172.97,21.92,1,postpaid,south,10,1
4320,54,50,323.62,55.68,1,prepaid,south,9,0
4321,41,46,826.26,17.87,7,prepaid,east,10,1
4322,46,1,435.48,57.67,1,prepaid,east,3,0
4323,48,36,128.52,44.11,4,prepaid,east,7,1
4324,32,12,442.05,52.22,7,postpaid,west,8,1
4325,24,2,850.93,14.46,2,prepaid,south,3,0
4326,40,66,107.98,21.17,3,postpaid,south,8,1
4327,42,42,720.94,57.85,1,postpaid,west,12,0
4328,22,40,193.1,1.75,2,prepaid,north,14,1
4329,25,70,306.72,15.39,1,postpaid,north,5,0
4330,36,69,449.61,3.93,4,postpaid,south,11,1
4331,22,9,890.93,34.27,6,postpaid,east,13,1
4332,27,31,197.55,18.7,3,postpaid,north,8,1
4333,67,6,552.33,22.5,6,postpaid,west,6,1
4334,38,11,200.16,42.15,7,prepaid,west,0,1
4335,51,1,261.45,47.2,4,prepaid,north,0,1
4336,50,82,956.36,57.23,0,postpaid,east,10,0
4337,33,73,578.67,28.69,0,postpaid,east,9,0
4338,26,44,443.2,30.52,4,postpaid,south,13,1
4339,51,40,907.07,53.53,1,prepaid,north,7,0
4340,59,26,953.23,40.55,0,postpaid,east,9,0
4341,24,80,768.16,2.89,3,prepaid,north,7,0
4342,18,19,737.72,56.86,0,prepaid,south,9,0
4343,29,49,872.04,40.6,3,prepaid,east,5,0
4344,27,74,395.45,32.67,4,postpaid,north,7,0
4345,27,79,760.71,53.84,1,prepaid,north,12,0
4346,25,7,349.69,4.46,5,prepaid,south,11,1
4347,66,67,962.03,28.46,5,prepaid,east,14,0
4348,55,30,968.85,45.37,4,prepaid,south,13,1
4349,39,42,132.19,9.5,5,postpaid,east,2,1
4350,22,66,338.38,31.12,5,postpaid,east,0,0
4351,39,60,273.76,45.94,2,prepaid,north,8,0
4352,55,66,977.97,48.64,0,prepaid,west,14,0
4353,54,61,227.16,38.96,5,prepaid,east,0,0
4354,40,72,532.98,37.51,6,postpaid,east,1,1
4355,60,49,571.23,46.83,3,postpaid,north,13,1
4356,47,3,807.37,46.64,6,postpaid,east,14,1
4357,49,19,583.78,15.59,4,prepaid,east,4,1
4358,37,81,543.94,37.96,3,prepaid,south,1,0
4359,65,60,422.5,56.56,4,postpaid,south,3,0
4360,45,6,461.58,10.13,7,prepaid,west,8,1
4361,31,54,495.83,29.43,7,prepaid,east,11,1
4362,32,8,151.89,12.61,7,postpaid,west,2,1
4363,44,28,579.87,9.54,7,prepaid,west,1,0
4364,19,23,260.49,46.41,1,prepaid,north,6,0
4365,20,63,108.03,19.21,7,prepaid,north,3,0
4366,69,73,249.57,5.62,3,prepaid,east,2,0
4367,25,28,998.01,20.48,4,postpaid,west,8,1
4368,52,15,100.94,50.11,0,postpaid,north,1,1
4369,25,27,345.28,1.33,7,postpaid,south,7,1
4370,42,32,120.19,24.31,3,prepaid,east,0,0
4371,44,61,519.09,48.46,2,postpaid,west,1,1
4372,36,6,431.77,46.76,5,prepaid,south,11,1
4373,50,28,951.04,8.36,6,postpaid,south,14,1
4374,30,31,399.29,9.3,0,prepaid,south,6,0
4375,25,22,709.21,33.3,0,prepaid,west,13,1
4376,60,28,523.64,1.92,3,prepaid,east,6,1
4377,23,69,679.02,12.19,1,postpaid,east,14,0
4378,48,50,946.31,21.17,2,postpaid,north,6,0
4379,32,23,925.4,26.14,1,prepaid,east,4,0
4380,25,69,724.66,21.71,3,postpaid,south,11,0
4381,25,2,498.33,54.48,0,prepaid,east,10,0
4382,49,3,170.57,27.59,6,prepaid,north,4,1
4383,46,65,661.99,9.63,2,prepaid,east,8,0
4384,20,25,911.62,9.64,3,postpaid,north,6,1
4385,50,5,298.44,21.67,3,prepaid,south,2,1
4386,48,21,283.41,36.19,3,postpaid,north,13,1
4387,38,27,358.2,17.4,1,postpaid,south,1,0
4388,20,44,170.21,21.25,7,postpaid,west,13,1
4389,67,1,504.96,51.61,0,prepaid,west,6,0
4390,60,0,556.44,40.68,0,postpaid,north,1,0
4391,66,45,709.2,43.18,0,postpaid,north,14,0
4392,59,13,316.15,48.82,5,prepaid,east,1,1
4393,55,74,537.98,30.91,1,postpaid,north,13,0
4394,36,73,499.11,31.31,6,postpaid,east,1,1
4395,46,2,658.02,11.68,6,postpaid,east,6,1
4396,58,20,469.88,46.22,0,prepaid,north,10,0
4397,66,54,754.35,11.22,5,prepaid,north,9,0
4398,32,15,978.38,51.48,7,prepaid,south,10,1
4399,19,6,184.4,29.41,0,postpaid,west,4,1
4400,52,80,746.51,12.6,5,prepaid,north,3,1
4401,54,72,489.47,7.6,0,postpaid,north,3,0
4402,37,5,509.0,35.51,6,postpaid,south,7,1
4403,48,32,571.47,53.64,5,postpaid,north,9,1
4404,55,40,877.25,27.71,3,postpaid,north,8,1
4405,36,79,869.97,13.05,1,postpaid,east,9,0
4406,43,39,207.38,36.14,1,prepaid,south,13,1
4407,24,18,138.31,17.34,5,prepaid,north,9,1
4408,54,62,198.28,50.21,6,prepaid,north,12,0
4409,36,1,972.79,15.03,4,prepaid,south,14,1
4410,59,81,410.75,31.7,5,prepaid,north,2,0
4411,25,43,959.93,55.89,4,postpaid,west,2,0
4412,53,0,789.17,45.13,0,prepaid,north,7,1
4413,60,59,707.73,10.02,5,prepaid,south,12,1
4414,18,39,516.47,28.77,3,postpaid,north,7,1
4415,34,28,123.96,46.74,1,postpaid,north,12,1
4416,24,2,496.92,24.81,3,prepaid,east,10,1
4417,41,63,557.13,7.52,6,postpaid,north,0,0
4418,65,80,229.27,40.17,6,prepaid,north,8,0
4419,35,74,344.56,43.13,5,prepaid,west,4,0
4420,38,77,103.11,3.87,7,prepaid,north,6,1
4421,39,41,248.73,4.23,6,prepaid,south,10,1
4422,31,75,738.89,56.72,1,postpaid,south,9,0
4423,30,7,171.5,57.15,2,prepaid,west,9,1
4424,67,37,711.64,4.56,2,prepaid,west,2,0
4425,31,62,811.61,17.4,1,prepaid,south,8,0
4426,21,23,594.42,16.92,5,prepaid,north,12,1
4427,44,77,781.45,33.99,1,prepaid,north,4,0
4428,28,23,825.8,8.0,5,postpaid,south,3,1
4429,48,13,779.83,44.82,1,prepaid,south,1,0
4430,52,79,487.19,30.54,6,prepaid,north,7,0
4431,68,75,198.91,44.68,2,prepaid,west,6,0
4432,48,36,788.82,29.4,1,prepaid,north,8,0
4433,45,69,357.34,58.76,1,prepaid,north,11,0
4434,38,24,208.13,53.25,7,prepaid,east,10,1
4435,45,37,315.22,20.15,6,prepaid,south,4,1
4436,67,44,108.45,51.56,3,prepaid,east,7,0
4437,59,40,699.06,40.08,2,postpaid,west,1,1
4438,22,48,408.6,32.13,6,prepaid,east,7,1
4439,36,78,788.37,20.41,7,postpaid,north,1,0
4440,48,1,689.96,31.07,6,prepaid,north,7,1
4441,39,36,813.88,36.27,2,postpaid,north,4,0
4442,34,61,864.31,38.77,2,prepaid,north,0,0
4443,30,29,966.9,1.81,4,postpaid,east,13,1
4444,27,4,327.53,45.32,5,postpaid,south,3,1
4445,31,27,570.44,19.97,2,postpaid,south,8,1
4446,18,43,242.49,58.32,4,postpaid,east,5,1
4447,43,0,247.41,14.81,0,postpaid,east,2,1
4448,26,11,604.55,31.62,2,postpaid,north,13,1
4449,57,77,398.3,6.04,4,prepaid,west,14,1
4450,68,0,157.4,59.3,5,prepaid,north,6,1
4451,22,41,829.2,7.92,1,postpaid,south,11,0
4452,64,78,768.66,29.35,1,prepaid,south,10,0
4453,20,42,644.34,23.54,5,postpaid,south,1,1
4454,67,2,750.34,17.16,6,prepaid,south,2,1
4455,54,16,637.21,28.7,2,prepaid,north,1,0
4456,42,77,505.5,18.52,4,prepaid,south,11,0
4457,50,17,307.21,7.47,6,prepaid,south,5,1
4458,41,28,662.55,39.93,4,postpaid,north,0,1
4459,35,66,697.01,58.04,4,postpaid,west,2,0
4460,45,7,571.41,49.86,4,prepaid,south,3,1
4461,62,62,381.67,25.35,7,prepaid,west,2,0
4462,44,76,284.83,43.07,1,postpaid,south,9,0
4463,61,18,759.84,57.48,2,postpaid,north,8,0
4464,47,52,164.27,38.3,7,prepaid,west,4,1
4465,39,3,577.46,20.46,0,prepaid,east,4,1
4466,50,80,784.83,4.96,5,prepaid,west,10,0
4467,42,16,769.17,34.16,2,prepaid,east,5,1
4468,42,73,317.31,1.21,1,prepaid,south,6,0
4469,52,23,991.45,51.19,6,postpaid,west,14,1
4470,21,52,556.46,7.23,5,prepaid,south,1,0
4471,32,41,888.2,24.87,7,postpaid,north,10,1
4472,41,57,702.44,35.08,4,prepaid,west,2,0
4473,50,1,519.11,14.14,6,prepaid,north,14,1
4474,25,60,327.52,49.68,7,postpaid,north,0,1
4475,48,76,356.4,13.87,1,prepaid,south,1,0
4476,28,57,404.05,50.48,2,postpaid,north,0,0
4477,48,10,935.55,2.95,3,prepaid,north,9,1
4478,27,82,791.66,35.15,3,prepaid,north,7,0
4479,49,63,453.63,50.65,7,prepaid,west,7,0
4480,32,19,713.87,10.06,7,prepaid,south,14,1
4481,59,41,607.36,43.82,2,postpaid,west,1,1
4482,40,15,242.07,23.45,1,postpaid,east,2,1
4483,66,0,140.81,48.8,5,prepaid,east,0,1
4484,41,77,360.25,11.3,7,postpaid,north,11,1
4485,39,6,582.95,54.38,1,postpaid,north,14,1
4486,66,52,840.52,21.71,7,postpaid,west,11,1
4487,39,41,838.89,27.45,6,postpaid,west,1,1
4488,50,75,881.29,55.58,7,prepaid,north,2,0
4489,20,2,694.47,10.24,4,postpaid,north,11,1
4490,49,45,147.71,26.73,6,prepaid,north,9,1
4491,23,50,330.63,51.34,1,prepaid,south,3,0
4492,51,70,156.88,49.69,5,postpaid,north,12,0
4493,61,68,800.33,2.25,7,postpaid,east,11,1
4494,22,46,428.33,58.26,0,postpaid,south,2,0
4495,51,23,492.77,36.97,0,prepaid,east,1,0
4496,44,35,530.83,7.13,1,prepaid,north,2,0
4497,37,7,897.62,16.87,6,postpaid,north,3,1
4498,28,1,319.28,29.34,7,prepaid,north,11,1
4499,29,76,918.84,4.41,0,postpaid,east,10,0
4500,20,56,857.64,6.61,7,prepaid,west,2,0
4501,18,51,759.14,35.78,4,postpaid,south,0,0
4502,36,6,921.6,36.0,4,postpaid,south,1,1
4503,66,78,254.06,13.84,3,prepaid,north,6,0
4504,49,19,370.91,51.7,7,prepaid,west,14,1
4505,69,29,338.93,15.27,3,postpaid,east,3,1
4506,58,70,252.23,15.37,6,prepaid,west,2,1
4507,47,16,177.36,16.61,0,prepaid,north,12,1
4508,33,17,927.55,10.97,5,postpaid,north,12,1
4509,66,21,728.28,17.59,0,prepaid,west,4,0
4510,53,14,968.17,25.49,3,postpaid,north,5,1
4511,68,83,430.32,35.64,7,postpaid,south,9,1
4512,67,80,385.91,30.66,6,postpaid,east,6,0
4513,39,40,633.03,54.27,7,prepaid,south,6,1
4514,54,11,748.47,14.31,5,postpaid,north,5,1
4515,31,77,881.59,12.04,1,postpaid,south,0,0
4516,53,66,582.45,43.29,3,postpaid,north,0,0
4517,56,17,666.97,56.98,1,prepaid,south,0,0
4518,46,41,402.74,18.53,6,prepaid,north,3,1
4519,40,47,622.07,50.88,6,prepaid,west,2,1
4520,34,2,901.99,26.34,4,prepaid,east,7,1
4521,30,62,419.38,40.55,6,prepaid,south,0,1
4522,64,65,215.95,13.57,7,postpaid,west,13,1
4523,35,41,925.3,46.75,4,postpaid,east,4,0
4524,53,46,432.99,53.01,4,prepaid,south,1,0
4525,19,19,536.25,22.8,3,postpaid,north,0,1
4526,42,40,272.93,27.9,5,prepaid,north,10,1
4527,59,33,466.77,41.61,5,postpaid,north,5,1
4528,57,71,711.13,54.17,6,postpaid,east,2,0
4529,62,61,980.19,7.22,5,prepaid,east,0,0
4530,34,2,299.46,18.62,7,prepaid,north,8,1
4531,67,15,732.63,46.08,4,postpaid,east,14,1
4532,34,12,163.75,10.19,2,prepaid,south,3,1
4533,55,27,852.3,35.01,5,prepaid,east,4,0
4534,67,57,494.52,14.43,7,prepaid,west,6,1
4535,66,11,343.62,43.07,5,postpaid,east,7,1
4536,35,65,538.69,40.48,6,prepaid,north,4,0
4537,53,42,345.03,49.12,6,prepaid,south,4,1
4538,67,49,184.43,25.41,7,postpaid,east,14,1
4539,23,34,324.81,34.96,0,postpaid,west,9,1
4540,69,19,818.69,6.39,6,prepaid,south,7,1
4541,60,35,533.05,48.8,7,prepaid,south,7,1
4542,37,33,546.55,28.44,0,postpaid,north,5,1
4543,21,6,392.84,51.17,6,prepaid,north,2,1
4544,49,0,702.41,48.25,4,prepaid,north,11,1
4545,22,68,675.89,30.54,1,prepaid,south,1,0
4546,27,71,215.44,50.55,2,prepaid,east,0,0
4547,52,71,468.37,38.92,4,prepaid,south,11,0
4548,19,74,271.36,16.37,2,prepaid,east,7,0
4549,32,71,465.91,22.04,2,postpaid,north,4,0
4550,37,56,245.04,8.98,6,postpaid,north,0,1
4551,67,83,247.02,45.92,0,prepaid,south,8,0
4552,66,12,567.67,14.76,7,prepaid,north,1,1
4553,69,20,605.78,29.01,1,prepaid,east,1,0
4554,42,15,105.01,2.45,1,postpaid,north,2,1
4555,44,17,647.9,1.04,1,postpaid,west,3,1
4556,21,69,583.62,29.29,1,postpaid,west,0,0
4557,34,60,316.09,39.78,2,prepaid,north,9,0
4558,38,32,519.11,45.56,3,prepaid,west,1,1
4559,65,41,735.69,26.45,1,prepaid,south,7,0
4560,52,18,325.59,40.97,0,prepaid,north,0,0
4561,39,3,333.25,44.12,0,postpaid,east,3,0
4562,63,23,207.76,18.72,7,prepaid,east,9,1
4563,39,31,578.49,59.98,1,prepaid,north,8,0
4564,22,4,222.39,14.08,3,postpaid,west,6,1
4565,19,83,171.74,4.13,3,prepaid,south,1,1
4566,54,34,342.16,15.91,3,prepaid,south,14,1
4567,62,67,546.75,56.36,0,prepaid,south,5,0
4568,32,49,508.56,2.33,2,prepaid,south,5,0
4569,33,2,312.56,50.64,4,prepaid,east,7,1
4570,39,12,712.14,23.7,2,postpaid,north,9,1
4571,52,67,282.4,42.77,3,prepaid,south,4,0
4572,43,79,545.58,22.87,3,prepaid,south,3,0
4573,61,48,320.23,27.8,2,prepaid,south,1,0
4574,51,57,348.0,45.82,6,prepaid,south,0,0
4575,30,35,935.0,13.83,6,prepaid,north,8,1
4576,28,76,328.38,8.89,3,postpaid,north,7,0
4577,38,20,424.43,40.14,5,postpaid,south,13,1
4578,48,27,276.22,34.65,0,prepaid,north,13,0
4579,41,81,701.06,1.65,3,prepaid,south,0,0
4580,33,54,948.52,56.37,2,prepaid,north,13,0
4581,23,58,614.31,14.75,2,postpaid,north,10,0
4582,29,16,384.55,42.38,3,prepaid,east,11,1
4583,29,8,689.21,42.66,5,prepaid,west,1,1
4584,40,71,227.75,8.59,2,postpaid,east,7,1
4585,26,5,300.38,40.33,2,prepaid,north,6,0
4586,51,64,148.8,6.61,6,postpaid,north,1,1
4587,32,52,341.76,8.74,3,prepaid,east,3,1
4588,47,72,568.53,34.88,7,postpaid,north,13,1
4589,51,24,159.6,9.82,1,postpaid,east,11,1
4590,61,64,423.16,9.36,1,prepaid,south,12,0
4591,43,67,867.73,6.32,2,prepaid,south,10,0
4592,47,81,512.24,41.68,4,postpaid,east,1,0
4593,53,57,895.89,1.31,4,postpaid,south,8,1
4594,69,82,662.18,22.53,1,prepaid,north,11,0
4595,66,12,539.76,44.43,5,prepaid,north,0,1
4596,66,21,434.52,47.54,0,prepaid,west,4,0
4597,52,57,380.22,12.12,6,postpaid,east,7,1
4598,57,51,178.79,18.32,3,postpaid,east,13,1
4599,21,63,556.96,57.41,5,postpaid,south,14,1
4600,40,67,690.38,23.49,7,prepaid,north,10,1
4601,56,14,310.55,9.12,5,prepaid,south,14,1
4602,34,74,606.6,40.97,0,prepaid,north,10,0
4603,57,59,294.32,22.47,1,postpaid,north,1,1
4604,53,74,344.48,55.74,7,prepaid,north,2,1
4605,40,67,365.56,53.51,4,postpaid,east,5,0
4606,64,41,963.95,14.44,3,prepaid,north,8,0
4607,64,29,191.3,52.35,0,postpaid,north,9,0
4608,69,43,977.23,19.56,0,prepaid,south,6,0
4609,59,33,336.51,36.5,3,postpaid,north,13,1
4610,39,70,974.16,13.63,2,prepaid,north,10,0
4611,64,62,133.1,9.9,2,prepaid,west,12,1
4612,30,8,961.49,53.81,6,prepaid,east,8,0
4613,23,37,562.62,36.46,7,prepaid,east,2,1
4614,30,51,947.93,43.49,6,prepaid,north,0,0
4615,21,57,582.18,31.82,0,prepaid,west,11,0
4616,69,63,475.9,22.3,3,prepaid,south,13,0
4617,22,10,319.84,55.67,0,prepaid,south,13,1
4618,36,57,957.98,10.43,6,prepaid,east,9,1
4619,54,9,193.26,15.53,3,prepaid,north,10,1
4620,51,24,768.91,32.79,1,prepaid,west,11,0
4621,64,39,351.44,24.66,4,prepaid,west,12,1
4622,29,58,420.9,19.74,7,postpaid,west,13,1
4623,54,74,874.7,7.95,7,prepaid,south,12,1
4624,67,12,121.5,5.04,0,prepaid,south,3,1
4625,66,13,801.59,43.35,7,prepaid,west,10,1
4626,23,4,189.4,7.53,2,prepaid,east,10,1
4627,39,76,269.25,25.17,7,postpaid,east,14,1
4628,59,57,507.21,52.7,5,prepaid,east,1,0
4629,59,63,859.44,31.98,1,prepaid,north,3,0
4630,41,74,446.89,17.85,4,prepaid,north,8,1
4631,46,37,342.78,45.61,1,prepaid,north,7,0
4632,24,14,964.13,38.88,5,prepaid,east,11,1
4633,40,38,219.72,48.64,6,postpaid,north,0,1
4634,66,67,649.66,1.63,5,postpaid,north,2,0
4635,21,54,518.11,33.81,7,postpaid,east,7,1
4636,52,47,403.32,35.06,2,postpaid,north,3,0
4637,50,67,150.74,17.39,4,postpaid,west,13,1
4638,54,21,174.38,6.15,3,prepaid,west,8,1
4639,38,19,333.42,59.69,0,prepaid,north,6,0
4640,18,81,885.74,26.97,4,prepaid,east,7,0
4641,29,39,473.31,11.64,5,prepaid,north,7,1
4642,50,8,921.29,38.84,6,prepaid,west,3,0
4643,24,26,248.47,59.91,3,postpaid,north,5,1
4644,38,66,422.53,34.71,6,prepaid,south,1,0
4645,18,31,730.14,38.65,0,prepaid,north,13,0
4646,43,41,421.0,24.41,7,prepaid,north,1,0
4647,35,67,523.98,46.0,2,postpaid,north,5,0
4648,57,23,942.75,14.75,5,prepaid,west,9,0
4649,31,36,240.67,25.82,4,postpaid,east,7,1
4650,31,15,568.33,56.58,2,prepaid,east,1,0
4651,25,62,709.2,36.36,5,postpaid,north,0,0
4652,44,64,890.1,21.19,0,postpaid,north,5,0
4653,59,10,351.11,14.65,1,prepaid,west,11,0
4654,26,7,282.77,25.12,2,postpaid,south,1,1
4655,54,13,655.09,32.56,6,prepaid,north,6,1
4656,46,49,199.86,55.14,1,postpaid,east,8,1
4657,25,69,936.68,19.96,1,prepaid,north,13,0
4658,35,30,924.69,50.24,4,prepaid,north,0,1
4659,22,54,129.06,29.08,2,postpaid,east,10,0
4660,66,64,914.31,54.13,4,prepaid,west,4,0
4661,39,17,423.39,53.9,7,prepaid,south,12,1
4662,56,8,702.81,39.04,3,postpaid,east,9,1
4663,36,70,402.63,26.53,6,postpaid,south,13,1
4664,58,1,776.26,35.17,4,postpaid,south,5,1
4665,46,31,588.71,58.73,2,prepaid,west,10,1
4666,33,80,104.93,19.67,0,prepaid,west,14,0
4667,35,5,928.62,13.47,0,postpaid,north,13,1
4668,21,15,840.64,36.77,4,postpaid,east,14,1
4669,62,81,332.18,21.91,0,prepaid,east,1,0
4670,36,62,261.53,26.04,3,prepaid,west,4,0
4671,29,52,539.41,28.72,5,postpaid,east,0,0
4672,22,75,485.56,51.71,6,prepaid,east,11,1
4673,32,70,884.5,41.08,7,prepaid,north,12,1
4674,20,18,287.07,37.91,5,postpaid,west,4,1
4675,43,15,392.63,36.82,0,postpaid,north,3,1
4676,21,79,265.64,43.32,2,prepaid,west,4,0
4677,36,8,682.31,1.98,6,prepaid,north,8,0
4678,24,36,955.73,38.34,7,postpaid,north,12,1
4679,64,5,839.94,6.04,3,postpaid,north,8,1
4680,64,26,895.36,36.55,2,postpaid,west,0,1
4681,24,47,803.88,38.94,0,prepaid,north,9,0
4682,47,33,699.0,50.29,2,prepaid,north,9,0
4683,27,49,423.04,50.61,1,prepaid,north,9,0
4684,25,27,341.57,13.15,7,postpaid,west,3,1
4685,33,17,323.57,9.01,6,prepaid,north,8,1
4686,51,61,753.44,52.13,4,postpaid,south,1,0
4687,23,16,416.57,56.18,1,postpaid,west,0,1
4688,50,17,707.3,48.69,5,prepaid,north,0,1
4689,56,66,279.91,9.32,7,postpaid,north,11,1
4690,48,46,590.52,2.76,5,prepaid,west,8,0
4691,35,42,370.56,15.09,7,prepaid,west,2,0
4692,37,46,688.45,12.18,4,prepaid,north,11,0
4693,18,6,274.82,54.5,4,postpaid,west,9,1
4694,48,74,128.25,43.06,1,prepaid,east,3,0
4695,49,29,862.94,56.95,3,postpaid,north,13,1
4696,67,76,217.17,19.57,5,prepaid,north,0,0
4697,31,4,328.47,1.47,6,prepaid,west,3,1
4698,37,27,545.6,15.8,5,prepaid,north,5,1
4699,58,16,140.27,5.19,4,prepaid,south,11,1
4700,59,4,490.71,38.94,5,prepaid,west,6,1
4701,68,77,794.42,25.9,0,postpaid,west,2,0
4702,37,34,166.43,29.08,0,postpaid,north,11,0
4703,48,36,582.28,12.05,2,prepaid,south,7,0
4704,36,70,838.39,18.54,4,postpaid,south,10,0
4705,58,42,466.81,19.07,4,prepaid,north,6,1
4706,59,46,156.6,19.82,2,prepaid,north,6,0
4707,32,80,572.23,31.27,1,prepaid,south,13,0
4708,51,17,854.5,43.16,2,prepaid,north,12,1
4709,33,45,759.13,56.79,0,prepaid,west,11,0
4710,41,75,727.21,3.76,0,postpaid,east,14,0
4711,33,71,376.93,37.62,2,prepaid,east,2,0
4712,55,53,764.17,50.57,4,prepaid,south,10,0
4713,59,75,992.04,35.82,2,postpaid,north,8,0
4714,25,0,888.3,39.81,4,prepaid,south,3,0
4715,63,65,844.9,43.01,4,postpaid,east,10,0
4716,42,32,666.88,38.29,1,prepaid,south,12,0
4717,29,5,917.41,30.47,6,prepaid,west,7,1
4718,62,22,911.58,42.33,4,prepaid,east,11,0
4719,65,40,389.95,15.8,1,prepaid,north,0,0
4720,42,17,618.7,54.73,7,prepaid,north,4,0
4721,26,39,191.58,37.8,7,prepaid,north,1,1
4722,30,76,409.47,43.44,6,postpaid,south,4,1
4723,40,18,917.0,52.57,4,postpaid,east,10,1
4724,54,74,472.52,36.92,0,postpaid,north,14,0
4725,35,72,128.52,26.97,5,postpaid,north,10,0
4726,42,59,784.03,43.38,4,prepaid,east,6,0
4727,49,14,697.43,21.67,3,postpaid,south,12,1
4728,55,7,833.88,58.84,2,postpaid,west,14,1
4729,36,14,846.08,26.14,7,prepaid,north,3,1
4730,59,62,346.66,40.47,6,prepaid,north,1,1
4731,58,49,502.38,45.87,0,postpaid,west,11,0
4732,54,13,448.28,54.49,4,postpaid,south,5,1
4733,20,28,666.45,34.52,2,postpaid,south,2,1
4734,36,15,850.61,50.62,4,prepaid,east,10,1
4735,29,57,321.33,20.73,4,postpaid,east,9,1
4736,52,26,729.52,16.27,6,postpaid,east,13,1
4737,46,76,937.44,14.62,2,prepaid,west,14,0
4738,61,2,274.12,42.79,7,prepaid,north,12,1
4739,24,75,779.99,53.57,3,postpaid,west,8,0
4740,69,20,152.71,30.24,1,postpaid,north,12,1
4741,60,83,837.57,51.26,0,prepaid,south,4,0
4742,42,6,115.24,13.58,7,postpaid,south,6,1
4743,25,79,832.34,34.41,4,postpaid,south,3,0
4744,23,82,982.78,46.73,0,prepaid,north,12,0
4745,43,41,877.55,2.42,2,prepaid,north,8,0
4746,48,36,342.0,12.59,6,prepaid,north,8,1
4747,49,21,328.3,11.08,0,prepaid,north,4,0
4748,35,56,997.22,18.53,6,postpaid,north,11,1
4749,30,62,371.57,51.86,1,postpaid,south,6,0
4750,68,48,859.4,36.25,7,postpaid,west,9,0
4751,52,51,113.76,48.92,5,prepaid,east,3,1
4752,26,26,613.52,36.06,5,prepaid,north,8,1
4753,65,10,493.12,31.26,4,postpaid,south,5,1
4754,42,60,370.81,20.08,5,prepaid,north,1,0
4755,55,6,910.6,4.48,1,prepaid,south,14,1
4756,52,16,967.06,13.22,7,postpaid,south,0,1
4757,62,62,266.07,58.85,2,postpaid,north,8,1
4758,35,0,238.37,37.88,5,postpaid,east,4,1
4759,27,57,733.91,23.55,3,postpaid,north,4,0
4760,32,69,947.8,30.1,2,postpaid,west,2,0
4761,51,83,324.51,16.23,0,prepaid,east,5,0
4762,18,74,474.27,9.31,6,prepaid,east,11,1
4763,54,63,992.51,32.44,7,postpaid,east,8,0
4764,42,58,431.44,51.27,6,postpaid,north,7,1
4765,18,79,189.5,57.62,2,postpaid,west,2,0
4766,18,74,346.26,49.21,5,prepaid,west,14,0
4767,42,70,354.57,41.03,5,postpaid,south,14,1
4768,53,79,107.88,14.55,5,prepaid,south,6,0
4769,30,25,415.85,11.58,2,postpaid,east,0,1
4770,60,30,930.0,20.64,1,prepaid,east,1,0
4771,54,23,271.2,20.99,6,prepaid,south,3,1
4772,54,14,434.27,47.26,7,prepaid,north,0,1
4773,22,42,716.08,21.76,6,prepaid,south,8,1
4774,66,83,468.88,27.08,2,prepaid,east,14,1
4775,65,19,109.73,21.58,5,prepaid,west,0,1
4776,44,56,141.39,10.4,3,prepaid,north,5,0
4777,43,68,399.03,14.46,0,prepaid,north,14,0
4778,52,77,861.0,58.77,7,postpaid,west,9,0
4779,35,60,440.64,40.07,4,prepaid,north,9,0
4780,68,42,929.67,50.96,5,postpaid,north,14,0
4781,53,8,269.95,11.04,6,prepaid,east,10,1
4782,52,47,817.89,40.32,3,prepaid,north,11,0
4783,32,70,803.33,22.46,0,postpaid,east,10,0
4784,52,27,167.96,22.1,0,prepaid,south,2,1
4785,28,81,228.15,26.0,7,prepaid,west,7,0
4786,31,55,925.83,50.59,0,postpaid,east,6,0
4787,52,77,978.34,29.26,4,prepaid,west,11,0
4788,43,71,832.15,47.87,4,postpaid,west,3,0
4789,69,78,593.0,29.04,6,prepaid,east,6,1
4790,44,2,530.45,36.02,4,prepaid,north,11,1
4791,66,0,795.25,47.09,5,prepaid,north,10,1
4792,49,14,648.23,20.1,3,postpaid,south,9,1
4793,61,23,740.32,18.45,3,postpaid,east,10,1
4794,34,65,387.82,3.97,7,prepaid,east,1,1
4795,38,52,112.9,6.69,0,postpaid,west,8,0
4796,43,29,561.79,43.77,5,prepaid,north,9,0
4797,27,15,430.46,9.53,7,prepaid,south,8,1
4798,68,59,197.6,44.6,4,prepaid,east,1,0
4799,60,79,548.67,48.35,4,prepaid,north,0,0
4800,38,64,277.19,18.88,0,postpaid,north,7,1
4801,64,76,910.02,52.83,3,prepaid,south,1,0
4802,37,25,276.39,9.94,3,postpaid,east,5,1
4803,63,19,853.78,42.28,7,postpaid,south,12,1
4804,52,27,328.52,29.76,1,prepaid,north,14,0
4805,42,16,277.95,30.94,4,prepaid,north,7,1
4806,44,70,140.0,40.6,6,prepaid,south,1,0
4807,42,82,505.66,30.96,1,prepaid,east,10,0
4808,23,28,690.0,50.05,4,postpaid,east,11,1
4809,58,11,830.25,54.28,2,prepaid,north,4,0
4810,40,7,588.6,48.0,3,postpaid,east,12,1
4811,32,39,457.09,35.68,0,prepaid,north,12,0
4812,57,76,984.87,17.32,5,postpaid,north,3,0
4813,22,66,401.95,54.67,0,postpaid,north,2,0
4814,47,7,358.42,11.01,6,postpaid,west,4,1
4815,68,21,992.42,31.18,4,postpaid,south,3,0
4816,66,21,433.24,41.64,3,postpaid,west,10,1
4817,65,44,732.79,5.96,6,prepaid,south,0,0
4818,42,17,393.08,44.3,3,postpaid,south,11,0
4819,24,21,935.75,28.33,2,prepaid,south,13,0
4820,59,73,213.37,57.9,0,prepaid,south,9,0
4821,30,26,182.01,54.42,5,prepaid,east,2,0
4822,34,70,843.19,23.98,0,prepaid,north,5,0
4823,68,51,743.58,5.86,4,prepaid,east,8,1
4824,51,19,921.58,41.37,3,prepaid,west,0,0
4825,43,47,808.59,37.93,7,prepaid,south,13,1
4826,38,5,718.64,52.3,7,prepaid,west,12,1
4827,69,32,454.21,6.52,1,prepaid,north,4,0
4828,37,27,600.56,7.31,3,postpaid,west,6,1
4829,48,29,889.28,13.82,7,prepaid,west,6,1
4830,42,82,685.31,28.06,6,prepaid,north,12,0
4831,63,25,462.64,42.55,3,prepaid,west,7,0
4832,64,8,984.74,8.08,6,prepaid,south,0,1
4833,46,8,862.83,12.96,3,prepaid,west,6,1
4834,41,54,918.53,36.03,0,postpaid,north,5,0
4835,51,75,518.42,40.84,6,prepaid,north,3,0
4836,60,65,886.25,1.47,4,postpaid,north,2,0
4837,60,58,414.33,54.26,4,postpaid,north,5,0
4838,34,10,413.99,4.28,6,prepaid,north,4,1
4839,54,47,452.73,28.15,1,prepaid,south,0,0
4840,42,70,992.62,41.87,2,prepaid,north,8,0
4841,23,27,411.38,25.61,2,postpaid,east,10,1
4842,38,27,684.25,10.55,2,prepaid,west,4,0
4843,49,59,583.45,49.38,4,prepaid,south,4,0
4844,57,82,326.43,7.88,6,prepaid,east,5,0
4845,47,57,655.16,52.6,7,postpaid,east,8,1
4846,50,44,383.32,42.21,4,prepaid,east,11,1
4847,26,83,326.56,22.23,2,prepaid,north,6,0
4848,59,37,814.76,59.95,6,prepaid,north,4,1
4849,60,60,935.5,30.67,6,postpaid,north,4,1
4850,46,13,865.08,18.12,5,prepaid,south,7,1
4851,30,0,505.5,38.19,7,prepaid,north,12,1
4852,48,59,99.7,24.05,0,prepaid,east,10,0
4853,28,27,711.53,1.4,6,postpaid,east,4,1
4854,67,34,933.12,47.57,3,prepaid,west,14,0
4855,43,18,972.22,39.84,0,prepaid,east,12,0
4856,18,82,965.36,26.73,6,prepaid,north,2,0
4857,26,4,184.09,3.84,7,prepaid,north,4,1
4858,34,59,811.93,16.28,1,postpaid,south,4,0
4859,40,17,856.07,18.68,7,postpaid,north,9,1
4860,21,75,861.29,19.98,6,prepaid,east,1,0
4861,52,25,350.75,29.97,6,prepaid,north,7,1
4862,64,54,920.73,8.51,0,postpaid,north,11,0
4863,61,11,976.36,20.87,7,postpaid,west,9,1
4864,39,61,995.93,52.0,3,postpaid,south,3,0
4865,65,31,755.01,17.49,5,postpaid,south,13,1
4866,18,22,661.6,14.87,2,postpaid,north,11,1
4867,45,39,110.04,10.41,1,prepaid,east,9,0
4868,42,75,768.76,4.76,0,postpaid,north,2,0
4869,23,52,577.75,51.36,6,prepaid,north,9,1
4870,53,23,777.77,21.43,0,prepaid,south,10,0
4871,35,33,555.67,3.77,5,prepaid,east,10,1
4872,27,34,440.66,17.83,1,prepaid,north,12,1
4873,40,22,903.95,59.06,3,prepaid,north,13,0
4874,33,80,918.28,33.19,1,postpaid,south,13,0
4875,46,36,258.05,26.91,2,prepaid,east,0,1
4876,38,16,979.69,5.6,2,prepaid,south,11,1
4877,53,18,276.81,5.46,1,prepaid,north,7,1
4878,61,1,236.72,4.7,2,postpaid,south,7,1
4879,47,16,133.9,27.16,4,prepaid,south,0,1
4880,25,30,583.89,41.13,4,prepaid,west,4,1
4881,31,78,520.87,7.28,2,prepaid,east,13,0
4882,67,13,468.54,51.47,5,postpaid,south,4,1
4883,20,40,860.02,48.45,6,prepaid,east,5,1
4884,48,69,249.5,34.49,6,postpaid,east,12,1
4885,45,71,648.06,11.35,3,postpaid,north,2,0
4886,45,49,182.07,33.63,6,prepaid,west,9,1
4887,53,42,628.62,6.92,1,postpaid,west,3,0
4888,19,1,361.16,8.99,2,prepaid,north,8,1
4889,31,41,780.66,57.29,4,postpaid,west,12,1
4890,18,33,839.17,6.57,2,postpaid,east,9,1
4891,28,70,922.57,32.19,4,postpaid,west,13,1
4892,30,74,139.65,11.43,0,postpaid,south,4,0
4893,40,18,351.29,57.95,5,prepaid,east,13,1
4894,47,76,478.96,48.17,1,prepaid,north,1,0
4895,54,29,799.4,2.48,6,prepaid,north,11,1
4896,54,28,908.13,43.76,6,postpaid,north,14,1
4897,46,57,600.73,35.32,4,postpaid,west,11,1
4898,19,6,132.24,26.87,1,prepaid,east,13,1
4899,52,0,403.37,41.58,3,prepaid,north,6,1
4900,20,74,125.98,3.51,0,postpaid,south,6,0
4901,65,18,930.41,36.45,6,prepaid,north,7,1
4902,58,9,424.62,43.96,0,prepaid,east,2,0
4903,28,26,191.46,36.63,7,postpaid,south,12,1
4904,54,56,641.73,2.79,6,postpaid,south,1,1
4905,43,62,360.54,39.49,0,postpaid,south,11,0
4906,41,68,642.62,8.63,5,prepaid,south,13,0
4907,54,62,796.76,29.78,4,postpaid,north,9,0
4908,64,17,286.52,17.2,3,prepaid,west,4,0
4909,54,49,477.88,25.75,5,prepaid,west,9,1
4910,27,19,565.3,41.11,0,prepaid,north,5,1
4911,65,48,162.94,57.26,3,postpaid,south,3,0
4912,46,48,796.43,31.17,3,postpaid,west,13,1
4913,62,51,797.93,18.6,0,prepaid,south,4,0
4914,62,51,362.84,36.33,7,prepaid,east,10,1
4915,37,27,569.44,48.64,6,prepaid,west,0,1
4916,51,52,632.21,15.38,1,prepaid,west,13,0
4917,33,72,501.61,23.3,3,prepaid,west,1,0
4918,20,17,180.06,37.42,3,prepaid,south,8,0
4919,25,55,784.2,54.41,1,postpaid,north,6,0
4920,33,65,771.12,25.32,5,prepaid,south,7,0
4921,29,63,566.3,41.03,4,postpaid,south,12,1
4922,47,78,630.36,57.35,7,postpaid,west,10,0
4923,45,76,674.58,22.02,6,prepaid,east,7,1
4924,28,35,471.43,24.03,5,prepaid,east,14,1
4925,24,41,801.03,50.35,5,prepaid,north,6,0
4926,41,43,250.86,39.8,3,prepaid,south,7,0
4927,19,58,306.62,1.43,5,prepaid,north,0,0
4928,55,14,416.11,17.48,0,prepaid,north,14,1
4929,68,35,410.42,35.37,1,prepaid,east,7,1
4930,36,80,803.73,7.01,3,prepaid,east,14,0
4931,37,72,404.21,37.94,6,postpaid,north,8,0
4932,51,69,620.15,3.93,4,prepaid,east,7,0
4933,45,61,837.69,46.74,0,prepaid,north,2,0
4934,52,20,935.54,59.64,5,prepaid,east,8,0
4935,40,13,607.63,55.45,4,prepaid,south,3,0
4936,41,8,208.76,46.79,2,prepaid,east,7,1
4937,31,21,192.29,24.33,2,postpaid,south,12,0
4938,52,58,304.45,9.43,0,prepaid,south,12,0
4939,39,15,524.95,51.53,2,prepaid,west,2,0
4940,46,20,939.12,55.14,7,prepaid,south,14,1
4941,44,48,124.71,10.72,3,postpaid,west,7,1
4942,39,26,917.54,54.88,0,prepaid,north,13,0
4943,36,13,562.67,32.5,3,prepaid,west,5,1
4944,28,65,663.12,57.44,4,prepaid,north,11,0
4945,31,55,762.98,14.91,4,prepaid,east,5,0
4946,55,27,143.51,53.97,6,postpaid,east,8,1
4947,64,14,284.69,40.89,5,postpaid,north,7,1
4948,51,67,981.37,48.94,5,prepaid,east,12,0
4949,52,36,373.18,45.83,5,prepaid,west,2,0
4950,65,5,184.44,40.77,1,postpaid,west,14,1
4951,38,56,562.26,54.54,3,prepaid,north,12,0
4952,22,52,226.47,38.15,3,prepaid,east,3,0
4953,45,27,777.79,57.03,3,postpaid,west,5,0
4954,66,10,623.82,10.53,4,prepaid,east,8,1
4955,26,33,402.5,23.01,7,prepaid,north,5,1
4956,59,68,519.93,10.24,3,postpaid,south,8,1
4957,66,69,197.06,57.12,2,prepaid,north,6,0
4958,20,55,838.16,44.29,4,prepaid,south,12,1
4959,33,32,402.69,17.16,1,postpaid,north,9,1
4960,42,42,393.02,21.34,1,postpaid,north,5,0
4961,18,83,510.14,58.99,3,prepaid,east,4,0
4962,36,44,593.83,18.55,7,postpaid,south,2,1
4963,50,45,355.87,36.99,3,prepaid,south,13,1
4964,69,35,513.15,36.89,2,prepaid,north,6,0
4965,26,15,360.14,44.71,0,prepaid,south,0,0
4966,42,13,462.81,21.13,1,postpaid,south,4,1
4967,38,27,767.04,39.56,6,postpaid,south,14,1
4968,47,69,414.76,26.48,2,postpaid,east,7,0
4969,59,68,959.37,33.05,3,postpaid,east,7,0
4970,25,27,383.83,2.06,3,prepaid,west,12,1
4971,53,79,982.13,26.96,1,postpaid,east,7,0
4972,29,82,551.8,21.77,3,prepaid,north,0,0
4973,50,2,666.14,25.04,4,postpaid,north,3,0
4974,25,57,109.33,20.42,4,postpaid,west,8,0
4975,61,2,276.66,30.43,7,postpaid,north,7,1
4976,32,38,491.99,17.76,5,prepaid,north,1,0
4977,25,31,188.9,53.66,6,postpaid,west,6,1
4978,35,28,191.04,27.01,0,prepaid,west,7,0
4979,53,28,785.63,42.13,4,prepaid,north,7,1
4980,46,80,189.08,11.32,4,postpaid,south,3,0
4981,49,14,864.12,30.71,3,prepaid,west,2,1
4982,57,55,920.64,44.41,3,postpaid,west,9,0
4983,49,69,305.7,14.19,7,prepaid,east,14,1
4984,55,51,434.15,48.15,3,prepaid,south,12,0
4985,53,32,708.92,26.92,4,postpaid,north,5,1
4986,61,58,436.19,15.39,3,postpaid,north,7,0
4987,58,66,991.77,25.66,1,prepaid,east,13,0
4988,59,77,355.07,3.13,3,prepaid,north,1,0
4989,31,6,123.09,51.47,7,prepaid,west,7,1
4990,52,52,667.9,24.88,7,postpaid,west,12,1
4991,20,5,162.15,2.59,6,postpaid,west,1,1
4992,48,37,116.32,13.58,3,prepaid,east,11,1
4993,42,38,224.4,41.93,3,postpaid,north,13,1
4994,62,26,514.35,47.81,2,prepaid,west,2,0
4995,69,62,414.92,26.81,6,postpaid,north,7,1
4996,42,45,160.31,32.34,6,postpaid,south,14,1
4997,34,70,759.52,40.47,2,prepaid,south,0,0
4998,42,64,168.31,33.47,5,prepaid,north,9,1
4999,53,44,766.78,9.8,4,postpaid,south,1,0
5000,61,2,914.18,3.34,7,prepaid,south,14,1
5001,68,51,211.8,21.0,1,postpaid,west,9,1
5002,51,81,768.33,45.37,0,prepaid,south,11,0
5003,69,12,432.54,20.01,3,postpaid,west,6,1
5004,28,57,748.49,5.63,5,postpaid,west,10,1
5005,32,43,873.24,47.08,6,prepaid,north,11,0
5006,32,1,191.65,26.57,7,prepaid,west,6,1
5007,61,77,149.85,31.3,0,prepaid,south,1,0
5008,32,42,462.14,2.66,1,postpaid,south,6,0
5009,29,52,482.77,28.48,3,postpaid,south,8,1
5010,51,8,911.84,2.63,6,postpaid,west,14,1
5011,62,33,565.69,38.82,4,postpaid,east,4,1
5012,26,75,775.84,39.07,7,postpaid,south,9,0
5013,38,21,977.79,20.44,6,prepaid,east,5,1
5014,32,55,876.25,1.98,5,postpaid,north,4,1
5015,62,18,160.53,19.61,1,prepaid,north,0,1
5016,19,49,318.53,37.97,7,prepaid,north,5,1
5017,23,59,578.35,51.09,0,postpaid,west,1,0
5018,66,53,236.75,57.78,6,prepaid,south,6,1
5019,23,49,460.36,28.49,1,prepaid,south,6,0
5020,63,78,379.42,38.61,3,postpaid,east,5,0
5021,41,68,934.14,16.82,6,prepaid,south,7,0
5022,47,83,477.49,44.52,1,postpaid,north,3,0
5023,29,64,665.13,28.1,4,postpaid,north,3,0
5024,45,35,660.24,40.63,4,prepaid,west,8,1
5025,28,5,437.04,31.4,3,postpaid,east,14,1
5026,43,16,684.84,19.82,1,prepaid,east,0,0
5027,68,6,741.28,59.77,7,prepaid,south,9,1
5028,57,0,495.11,32.06,7,postpaid,north,7,1
5029,66,48,951.09,25.39,3,postpaid,east,8,0
5030,36,80,997.5,39.18,5,postpaid,north,5,0
5031,54,68,506.16,7.48,0,prepaid,east,5,0
5032,27,56,131.53,31.67,1,postpaid,south,12,0
5033,24,73,243.92,25.18,5,prepaid,north,5,0
5034,26,65,639.84,19.59,4,postpaid,west,11,0
5035,22,3,855.46,52.93,6,postpaid,east,1,0
5036,69,82,692.84,20.06,0,postpaid,east,13,0
5037,39,54,856.65,8.62,2,prepaid,north,14,0
5038,43,41,131.12,32.36,6,postpaid,east,0,0
5039,36,23,257.18,1.7,5,postpaid,north,6,1
5040,30,45,354.53,7.55,2,prepaid,south,5,1
5041,51,25,990.04,39.62,1,postpaid,north,2,0
5042,37,39,347.48,55.07,6,prepaid,south,4,0
5043,20,50,496.12,34.43,5,postpaid,south,0,1
5044,60,82,973.81,32.38,7,postpaid,north,13,1
5045,62,19,386.65,41.61,2,prepaid,west,10,0
5046,25,37,824.74,32.42,7,prepaid,north,3,0
5047,43,29,308.05,57.07,3,prepaid,north,4,0
5048,29,29,210.32,49.13,5,postpaid,north,11,1
5049,58,17,649.15,38.02,5,prepaid,south,4,1
5050,69,41,840.94,51.1,4,prepaid,south,6,0
5051,19,14,523.72,43.63,1,postpaid,west,13,1
5052,20,27,100.04,43.11,3,prepaid,east,0,1
5053,58,58,542.99,28.16,1,prepaid,east,12,1
5054,24,78,215.08,28.56,2,prepaid,south,13,1
5055,65,71,793.42,41.78,0,prepaid,north,14,0
5056,63,6,644.11,3.61,7,prepaid,east,9,1
5057,28,75,268.05,38.84,5,prepaid,south,4,0
5058,38,59,539.19,48.77,4,prepaid,south,3,0
5059,29,37,984.7,48.67,7,postpaid,north,8,0
5060,58,78,345.46,29.33,0,postpaid,north,8,0
5061,69,58,429.91,5.95,1,prepaid,north,14,1
5062,33,40,754.44,3.83,7,prepaid,south,14,1
5063,31,53,547.65,30.08,1,prepaid,north,10,0
5064,33,23,805.1,48.81,7,postpaid,west,9,1
5065,41,4,292.72,57.75,7,prepaid,west,8,1
5066,52,60,256.63,33.09,7,postpaid,north,5,0
5067,59,20,819.79,17.71,6,postpaid,south,9,1
5068,56,62,216.6,31.84,3,prepaid,west,3,0
5069,59,66,841.16,20.86,2,postpaid,south,9,0
5070,22,10,856.97,51.93,7,postpaid,east,12,1
5071,48,53,846.04,27.1,4,prepaid,west,12,0
5072,38,63,394.14,3.15,7,prepaid,south,0,0
5073,65,78,828.59,37.2,2,postpaid,south,11,0
5074,37,18,126.26,59.09,4,prepaid,south,8,1
5075,34,55,217.38,29.63,7,prepaid,south,2,1
5076,23,64,154.18,6.54,1,postpaid,east,1,0
5077,51,32,840.05,17.94,5,postpaid,south,0,1
5078,48,14,259.47,7.57,4,prepaid,west,1,0
5079,19,0,672.09,14.06,1,prepaid,east,4,1
5080,29,12,231.26,25.79,7,prepaid,north,12,1
5081,67,30,951.69,19.14,2,prepaid,east,2,0
5082,48,23,527.49,1.66,3,prepaid,south,14,1
5083,19,36,237.29,37.86,3,prepaid,south,7,1
5084,55,44,874.98,32.77,4,postpaid,east,12,1
5085,53,40,509.8,45.4,2,postpaid,north,1,0
5086,47,16,687.66,2.24,3,postpaid,north,7,1
5087,22,33,957.66,4.63,6,postpaid,north,6,1
5088,21,38,394.24,55.97,6,prepaid,north,1,0
5089,24,74,553.09,5.13,2,prepaid,east,6,0
5090,21,49,719.15,38.44,5,prepaid,north,14,1
5091,48,28,419.06,23.67,6,prepaid,north,9,1
5092,66,66,698.9,40.0,3,prepaid,west,12,0
5093,44,48,267.4,9.56,5,postpaid,west,8,1
5094,35,24,840.26,9.79,1,prepaid,west,2,0
5095,49,2,607.01,32.1,7,prepaid,east,1,1
5096,35,50,317.59,20.83,1,prepaid,west,1,0
5097,22,24,426.0,2.73,4,prepaid,north,14,1
5098,35,49,267.77,5.36,1,prepaid,north,1,1
5099,41,57,828.53,55.91,3,postpaid,south,2,0
5100,28,0,761.54,24.56,4,prepaid,south,9,1
5101,33,34,692.21,14.67,0,prepaid,east,9,0
5102,59,43,937.18,19.93,6,prepaid,west,0,0
5103,61,75,654.71,38.19,0,prepaid,west,5,0
5104,40,45,460.65,34.18,4,prepaid,south,11,1
5105,26,48,244.95,27.28,1,prepaid,south,8,0
5106,59,24,737.34,20.89,6,postpaid,north,8,1
5107,43,54,739.23,21.04,1,postpaid,west,7,0
5108,29,50,337.45,35.19,1,postpaid,south,8,0
5109,38,47,398.26,15.91,2,postpaid,north,0,1
5110,48,18,715.14,56.39,5,postpaid,west,13,1
5111,42,58,783.14,27.77,7,prepaid,north,12,1
5112,60,34,875.27,0.67,2,prepaid,east,9,0
5113,38,0,119.93,24.83,1,postpaid,south,0,1
5114,19,10,407.33,2.46,0,postpaid,north,10,1
5115,37,42,644.61,10.97,0,postpaid,north,4,0
5116,55,78,962.93,2.89,2,prepaid,north,8,0
5117,36,40,947.62,37.82,7,prepaid,south,10,1
5118,22,5,358.01,9.96,0,postpaid,north,12,1
5119,28,14,688.33,53.22,2,postpaid,east,11,1
5120,27,17,383.34,9.74,7,postpaid,west,13,1
5121,66,44,818.17,6.25,7,prepaid,east,14,1
5122,52,13,223.96,2.91,3,prepaid,west,14,1
5123,40,3,700.48,34.47,4,prepaid,north,14,1
5124,57,78,580.66,2.42,4,postpaid,east,9,1
5125,40,51,888.06,30.71,5,prepaid,north,9,0
5126,19,26,356.45,19.12,3,prepaid,north,1,0
5127,64,2,412.66,39.3,5,prepaid,east,14,1
5128,47,42,594.67,36.31,2,postpaid,east,6,1
5129,46,75,900.19,49.05,4,prepaid,north,1,0
5130,20,34,862.98,26.89,5,postpaid,west,4,1
5131,23,11,482.54,37.49,6,prepaid,north,4,1
5132,23,69,277.72,22.22,3,postpaid,west,5,0
5133,61,27,440.44,10.36,2,prepaid,west,12,1
5134,28,50,961.58,41.13,4,prepaid,west,3,0
5135,38,82,410.3,26.44,5,prepaid,south,9,0
5136,46,64,744.22,49.82,2,postpaid,west,5,0
5137,47,46,929.36,18.62,3,postpaid,west,6,0
5138,60,48,228.21,43.81,3,prepaid,east,11,1
5139,42,2,129.06,37.55,5,prepaid,east,7,1
5140,68,51,125.89,35.95,5,prepaid,east,0,0
5141,23,13,535.98,11.14,1,prepaid,west,12,1
5142,53,38,501.52,50.42,2,postpaid,east,0,0
5143,37,51,594.49,17.85,6,prepaid,south,11,1
5144,51,57,171.28,46.92,7,postpaid,north,4,1
5145,24,45,598.72,7.12,5,postpaid,south,14,1
5146,22,80,766.35,17.75,0,prepaid,north,3,0
5147,34,69,331.12,51.96,4,prepaid,east,1,0
5148,19,32,899.01,28.63,4,postpaid,east,13,1
5149,54,39,106.03,14.31,4,prepaid,north,13,1
5150,18,3,383.27,24.41,6,prepaid,south,5,1
5151,18,0,540.96,8.1,0,prepaid,south,13,0
5152,31,63,357.11,2.25,6,prepaid,south,5,1
5153,20,41,991.49,9.89,1,prepaid,east,2,0
5154,26,49,242.19,34.71,5,postpaid,north,11,1
5155,33,40,398.87,11.19,2,prepaid,north,4,0
5156,53,67,552.82,37.91,5,prepaid,south,4,0
5157,23,80,108.67,40.91,0,prepaid,east,0,0
5158,46,2,632.74,57.6,2,prepaid,north,14,0
5159,63,62,224.25,53.84,0,postpaid,south,1,0
5160,68,74,982.24,12.04,2,postpaid,north,4,0
5161,53,5,842.8,57.71,1,postpaid,north,1,0
5162,38,67,629.29,30.71,6,postpaid,south,6,0
5163,65,5,469.04,54.51,5,prepaid,east,2,1
5164,33,5,927.49,32.42,4,prepaid,east,5,0
5165,32,49,350.92,48.47,0,prepaid,south,4,0
5166,66,56,481.79,59.15,0,postpaid,south,0,0
5167,36,28,154.36,10.51,6,prepaid,south,3,1
5168,60,54,172.91,31.73,7,prepaid,east,12,1
5169,60,82,551.42,40.96,1,prepaid,east,4,0
5170,34,23,988.9,25.76,4,prepaid,east,4,1
5171,54,31,411.39,10.99,4,prepaid,east,9,1
5172,57,13,546.09,55.73,5,prepaid,north,11,0
5173,31,71,326.43,8.82,7,postpaid,west,1,1
5174,25,66,563.89,29.71,2,prepaid,south,12,0
5175,54,36,128.47,50.99,3,postpaid,north,7,1
5176,33,18,759.82,55.94,1,prepaid,north,3,0
5177,19,5,567.77,9.24,0,postpaid,east,6,1
5178,59,20,697.25,43.21,5,postpaid,north,0,1
5179,30,75,740.76,36.14,5,postpaid,south,0,0
5180,50,81,524.34,43.87,4,postpaid,south,12,0
5181,30,48,200.39,6.04,1,prepaid,west,1,0
5182,26,25,588.87,35.3,0,prepaid,east,0,0
5183,50,5,278.96,30.14,7,postpaid,north,0,1
5184,39,30,234.4,51.0,0,postpaid,north,7,0
5185,40,36,513.07,8.69,7,postpaid,north,8,1
5186,57,31,678.78,30.31,0,prepaid,east,9,1
5187,67,28,267.92,26.11,4,prepaid,east,3,0
5188,33,32,136.6,18.71,0,prepaid,north,5,1
5189,46,56,188.65,11.43,6,postpaid,west,5,1
5190,51,46,136.51,50.41,7,prepaid,east,5,1
5191,35,3,332.77,53.83,0,postpaid,south,3,0
5192,44,16,622.61,10.57,5,prepaid,south,6,1
5193,18,50,666.31,53.51,4,postpaid,west,8,1
5194,41,57,532.5,47.12,1,prepaid,east,0,0
5195,21,60,481.58,44.96,5,postpaid,east,2,0
5196,42,41,331.61,5.09,6,postpaid,south,6,1
5197,28,35,875.37,23.37,0,prepaid,south,14,0
5198,23,61,634.08,6.42,2,postpaid,east,5,0
5199,69,82,814.19,40.73,3,postpaid,west,2,0
5200,38,46,652.72,15.58,4,postpaid,north,8,1
5201,45,39,593.77,26.76,3,prepaid,north,3,1
5202,68,27,857.46,10.3,4,prepaid,east,6,0
5203,61,62,356.05,4.69,5,prepaid,north,13,1
5204,24,55,698.76,4.66,0,prepaid,west,7,0
5205,28,79,731.37,3.02,4,prepaid,east,5,0
5206,30,24,919.51,41.74,0,prepaid,north,5,0
5207,28,38,260.21,21.53,1,prepaid,south,14,1
5208,44,83,337.69,7.08,7,prepaid,north,1,0
5209,52,55,365.22,14.27,4,postpaid,north,4,0
5210,25,2,930.25,47.47,0,prepaid,west,7,0
5211,54,49,402.02,45.17,4,postpaid,north,5,1
5212,32,66,680.86,26.19,4,prepaid,east,4,0
5213,47,75,949.75,49.58,0,prepaid,north,5,0
5214,47,18,385.87,4.93,5,postpaid,north,10,1
5215,68,10,314.79,24.83,6,postpaid,south,1,1
5216,34,26,301.81,46.59,0,postpaid,west,10,1
5217,56,16,463.06,44.39,7,postpaid,west,10,1
5218,38,8,212.06,57.72,4,prepaid,west,12,1
5219,40,60,553.86,8.36,6,prepaid,north,2,0
5220,67,28,805.82,49.12,6,prepaid,north,7,0
5221,42,22,348.57,27.25,0,postpaid,west,3,1
5222,48,43,697.14,33.37,0,prepaid,east,8,0
5223,33,20,930.83,1.8,7,prepaid,north,6,1
5224,37,47,859.4,37.99,1,prepaid,south,3,0
5225,57,68,404.09,25.19,3,prepaid,west,5,1
5226,53,36,286.28,27.68,3,prepaid,north,3,0
5227,63,64,232.07,45.54,1,prepaid,north,13,0
5228,39,31,232.03,7.03,6,postpaid,east,2,1
5229,30,50,600.61,51.42,7,prepaid,south,1,0
5230,36,51,318.98,8.08,2,postpaid,north,6,1
5231,39,82,567.61,58.31,5,prepaid,east,13,0
5232,67,50,591.89,7.38,5,prepaid,north,13,0
5233,31,29,994.5,56.12,4,prepaid,north,6,0
5234,38,55,193.96,10.6,0,prepaid,east,1,0
5235,22,73,186.33,18.55,1,prepaid,west,6,0
5236,43,11,355.94,51.49,5,prepaid,east,3,0
5237,51,5,655.1,5.51,4,prepaid,north,7,1
5238,36,71,333.46,46.29,7,prepaid,east,9,1
5239,46,36,455.54,5.29,3,postpaid,north,4,1
5240,57,24,969.71,10.27,2,postpaid,south,14,0
5241,28,71,510.57,56.51,7,postpaid,south,9,1
5242,39,0,780.66,38.22,6,postpaid,north,5,1
5243,29,47,986.39,30.03,3,prepaid,east,12,0
5244,55,7,424.76,48.83,2,postpaid,north,11,1
5245,55,40,841.15,9.01,3,postpaid,north,11,1
5246,53,60,626.9,46.4,4,prepaid,east,6,0
5247,61,78,144.58,13.83,6,postpaid,east,1,0
5248,56,46,499.1,35.1,0,prepaid,west,4,0
5249,60,78,551.39,27.38,2,prepaid,south,9,0
5250,65,30,351.9,39.2,3,postpaid,west,13,1
5251,27,78,391.87,35.35,4,prepaid,north,11,0
5252,51,29,202.07,15.89,7,prepaid,north,6,1
5253,44,2,406.5,28.63,3,postpaid,east,13,1
5254,56,48,207.22,44.82,6,prepaid,north,7,1
5255,29,55,123.31,23.19,7,postpaid,south,8,1
5256,41,52,148.35,16.17,6,prepaid,south,0,1
5257,26,67,161.09,44.23,2,prepaid,north,6,0
5258,27,75,583.01,12.19,0,prepaid,north,2,0
5259,68,75,970.83,52.22,0,prepaid,south,12,0
5260,31,46,569.24,45.85,1,prepaid,east,12,0
5261,59,68,581.41,49.95,2,prepaid,west,12,0
5262,30,54,249.44,25.22,0,prepaid,west,9,0
5263,56,72,633.32,31.29,0,prepaid,west,11,0
5264,49,40,283.23,25.72,3,prepaid,south,14,0
5265,25,41,608.13,27.4,4,postpaid,south,2,1
5266,42,43,952.88,12.19,7,prepaid,north,4,1
5267,30,7,112.78,31.44,7,prepaid,north,0,1
5268,50,16,413.56,29.73,7,prepaid,west,3,1
5269,62,81,985.98,9.28,6,prepaid,south,7,1
5270,34,45,192.85,44.3,3,prepaid,south,9,1
5271,43,28,663.13,35.8,7,prepaid,south,0,0
5272,52,48,406.15,10.46,7,prepaid,west,2,1
5273,59,7,275.41,1.2,3,postpaid,south,0,1
5274,32,5,252.3,34.12,1,prepaid,south,13,1
5275,23,9,404.63,6.0,4,prepaid,south,6,1
5276,67,69,521.4,45.1,1,prepaid,north,9,0
5277,53,34,671.94,46.3,1,prepaid,north,10,0
5278,36,29,993.35,45.58,1,prepaid,east,7,0
5279,63,17,169.09,19.04,6,postpaid,north,11,1
5280,33,62,353.32,40.12,5,postpaid,east,6,1
5281,68,37,421.01,26.63,2,postpaid,east,10,1
5282,49,71,135.36,12.55,4,prepaid,east,9,1
5283,27,24,866.42,41.49,1,prepaid,south,8,0
5284,35,20,274.35,31.77,1,prepaid,east,7,1
5285,55,6,711.6,44.4,1,prepaid,east,13,0
5286,39,66,601.12,26.6,7,prepaid,east,11,1
5287,18,55,618.73,29.58,0,prepaid,east,2,0
5288,56,70,793.77,30.81,2,prepaid,north,11,0
5289,20,0,331.2,26.74,5,prepaid,east,14,1
5290,61,21,777.78,47.78,1,postpaid,east,11,1
5291,22,7,411.24,51.19,1,prepaid,west,7,1
5292,42,66,273.71,35.34,5,prepaid,west,3,1
5293,47,18,183.34,15.7,6,postpaid,east,2,1
5294,18,66,409.47,50.92,0,prepaid,north,8,0
5295,61,17,480.46,44.79,0,prepaid,south,8,0
5296,41,19,337.7,55.95,2,prepaid,east,8,0
5297,42,45,907.23,42.71,3,postpaid,south,7,1
5298,42,80,866.08,37.13,1,prepaid,north,7,0
5299,54,72,298.96,32.25,7,postpaid,west,11,1
5300,30,33,633.88,8.64,5,postpaid,north,9,1
5301,18,0,941.98,47.67,4,postpaid,west,1,1
5302,35,18,978.88,5.23,5,postpaid,west,5,1
5303,19,17,733.8,14.65,6,prepaid,south,14,1
5304,28,26,217.85,58.9,3,postpaid,west,9,0
5305,65,67,476.63,32.55,6,prepaid,south,0,0
5306,49,54,651.04,12.45,5,postpaid,north,4,1
5307,20,61,558.66,57.6,1,postpaid,north,11,0
5308,21,75,947.99,51.76,1,postpaid,east,9,0
5309,34,31,394.22,8.35,6,postpaid,east,10,1
5310,35,82,477.31,8.89,5,prepaid,south,3,0
5311,50,40,302.7,50.5,3,postpaid,north,5,0
5312,27,65,646.58,8.85,4,prepaid,east,8,0
5313,53,62,634.72,14.52,6,postpaid,north,13,1
5314,20,7,143.38,9.36,0,prepaid,south,12,1
5315,37,69,801.72,22.07,2,postpaid,east,4,0
5316,57,16,659.24,11.57,2,prepaid,east,1,0
5317,19,17,99.96,12.1,3,prepaid,east,3,1
5318,45,32,579.77,4.72,3,postpaid,east,5,1
5319,41,10,169.93,50.88,1,postpaid,west,8,0
5320,19,38,689.48,4.29,5,prepaid,west,8,1
5321,20,83,797.95,24.24,4,prepaid,south,9,0
5322,24,23,969.4,26.87,4,prepaid,south,7,1
5323,41,12,313.83,16.61,0,prepaid,south,12,1
5324,18,2,129.73,53.6,4,prepaid,east,0,1
5325,19,12,722.42,52.42,2,postpaid,north,7,0
5326,37,37,172.43,16.36,2,prepaid,north,3,1
5327,52,55,278.98,52.11,1,postpaid,south,11,0
5328,24,16,924.68,50.07,0,postpaid,east,3,0
5329,43,30,814.63,23.38,7,prepaid,north,10,1
5330,65,27,833.03,24.03,1,postpaid,east,5,0
5331,53,65,288.28,16.67,3,prepaid,north,6,0
5332,53,8,949.1,48.22,3,prepaid,south,11,1
5333,36,42,686.81,26.61,6,prepaid,west,9,1
5334,62,54,929.22,26.2,2,postpaid,north,12,0
5335,22,59,742.48,35.39,2,prepaid,east,8,0
5336,60,81,227.47,47.36,3,prepaid,south,12,0
5337,43,70,316.87,27.1,2,postpaid,south,2,0
5338,50,40,148.84,2.39,7,prepaid,north,14,1
5339,35,81,640.66,37.89,2,postpaid,south,9,0
5340,59,77,171.74,9.51,6,prepaid,west,2,1
5341,60,69,494.82,45.7,6,postpaid,west,2,1
5342,18,53,531.87,4.54,4,prepaid,north,0,0
5343,24,34,814.01,14.61,1,prepaid,east,5,0
5344,24,35,975.14,15.25,5,prepaid,east,5,1
5345,62,0,650.69,5.15,3,postpaid,east,11,1
5346,54,19,661.84,33.84,4,postpaid,south,14,1
5347,45,13,173.16,57.43,2,postpaid,west,4,1
5348,30,4,961.13,40.76,0,postpaid,north,12,0
5349,68,29,490.12,54.5,6,prepaid,north,10,1
5350,36,82,973.78,31.7,3,prepaid,west,3,0
5351,66,68,331.0,34.79,4,postpaid,north,8,1
5352,53,57,570.65,0.87,4,prepaid,south,12,1
5353,36,70,702.1,38.8,3,postpaid,south,10,0
5354,42,26,785.24,35.68,7,postpaid,south,2,1
5355,39,34,428.32,1.4,4,postpaid,west,7,1
5356,66,18,132.04,29.96,1,prepaid,north,10,1
5357,49,48,351.51,1.09,1,prepaid,north,3,1
5358,44,37,189.61,17.1,7,prepaid,north,13,1
5359,30,65,341.0,32.01,6,prepaid,south,10,0
5360,27,21,276.25,7.43,5,prepaid,north,2,1
5361,67,13,886.12,38.26,1,prepaid,north,9,1
5362,24,20,581.22,12.45,0,postpaid,west,14,1
5363,62,51,163.71,10.32,7,postpaid,south,13,1
5364,53,2,359.88,59.13,7,postpaid,east,5,1
5365,54,11,675.42,57.54,6,postpaid,east,14,1
5366,34,74,236.08,31.83,2,prepaid,east,1,0
5367,59,47,160.37,28.02,1,prepaid,north,8,1
5368,52,68,470.22,26.84,7,prepaid,east,2,1
5369,66,76,445.1,26.18,5,prepaid,west,3,0
5370,51,49,491.03,40.65,0,prepaid,west,11,0
5371,21,29,516.6,47.66,3,prepaid,east,4,0
5372,20,61,337.12,3.71,5,postpaid,east,2,1
5373,55,62,215.4,10.31,3,prepaid,south,7,0
5374,64,62,286.27,27.24,6,postpaid,south,2,0
5375,32,3,201.46,15.91,7,postpaid,west,6,1
5376,43,15,797.94,18.24,6,prepaid,north,1,1
5377,65,40,589.86,34.73,5,prepaid,east,3,1
5378,27,45,976.04,56.17,5,postpaid,west,8,0
5379,58,48,453.84,20.79,7,postpaid,west,7,1
5380,34,30,289.5,52.29,7,prepaid,east,11,1
5381,25,55,495.47,24.06,0,prepaid,east,11,0
5382,51,49,372.39,25.67,5,prepaid,east,12,1
5383,32,19,426.01,50.21,0,prepaid,east,8,0
5384,64,1,323.46,47.13,3,prepaid,east,12,1
5385,31,61,201.93,37.3,4,prepaid,east,3,0
5386,38,56,704.74,16.34,3,postpaid,west,14,1
5387,23,0,493.19,15.44,6,postpaid,east,13,1
5388,53,81,202.19,1.63,3,prepaid,west,9,0
5389,41,4,517.99,10.78,7,prepaid,south,11,1
5390,55,7,647.88,24.72,6,postpaid,south,1,1
5391,58,58,667.01,26.7,1,prepaid,east,8,0
5392,37,61,375.64,9.67,2,prepaid,west,10,0
5393,25,54,942.09,4.61,6,postpaid,west,14,1
5394,65,55,767.19,17.64,0,postpaid,west,12,0
5395,40,36,243.38,10.16,7,postpaid,north,4,1
5396,69,52,485.25,44.44,7,postpaid,east,13,1
5397,65,23,111.99,6.64,4,postpaid,south,0,1
5398,19,52,906.58,47.87,4,prepaid,north,3,0
5399,46,17,370.21,25.86,2,prepaid,east,7,0
5400,33,53,831.8,19.64,2,prepaid,south,10,0
5401,31,65,903.96,5.23,0,postpaid,east,13,0
5402,36,66,611.43,24.61,4,prepaid,east,9,0
5403,52,39,658.02,11.58,7,prepaid,south,7,1
5404,29,52,464.85,1.96,5,postpaid,west,4,1
5405,43,14,690.82,28.37,2,prepaid,east,0,1
5406,50,56,134.6,28.99,0,postpaid,north,13,0
5407,23,38,803.72,30.2,7,postpaid,south,12,1
5408,64,57,294.22,39.8,3,postpaid,east,1,1
5409,63,72,201.57,13.55,5,postpaid,west,9,1
5410,56,29,312.42,45.63,5,prepaid,south,5,1
5411,25,72,461.99,46.07,6,postpaid,north,1,0
5412,64,43,159.62,11.75,7,prepaid,south,9,1
5413,34,0,676.83,5.93,0,prepaid,east,2,0
5414,35,71,962.37,20.69,4,prepaid,east,2,0
5415,42,47,114.31,59.53,0,prepaid,west,11,0
5416,23,41,814.23,22.88,5,postpaid,west,2,0
5417,31,26,713.34,17.81,2,prepaid,north,12,1
5418,48,41,768.64,6.17,3,postpaid,south,5,1
5419,25,56,376.96,2.39,3,prepaid,south,6,0
5420,24,5,565.47,15.06,0,prepaid,north,13,1
5421,27,31,212.33,20.69,0,prepaid,east,8,1
5422,58,18,549.55,56.16,6,prepaid,west,10,1
5423,59,13,154.36,37.69,2,prepaid,north,5,1
5424,63,62,115.5,11.77,1,prepaid,west,6,0
5425,31,70,624.14,5.57,6,prepaid,north,13,1
5426,65,61,262.07,7.95,3,prepaid,north,7,1
5427,58,5,891.98,22.35,0,prepaid,north,3,0
5428,55,5,299.42,59.07,2,prepaid,south,8,1
5429,57,75,758.19,19.86,6,postpaid,east,5,0
5430,48,11,500.04,47.81,4,postpaid,west,6,0
5431,37,59,927.97,3.57,6,prepaid,south,8,0
5432,26,24,716.09,11.39,1,prepaid,west,6,0
5433,55,1,858.72,20.71,1,postpaid,west,3,0
5434,39,58,800.73,39.87,6,prepaid,east,7,0
5435,19,52,309.83,32.2,4,prepaid,north,1,0
5436,44,33,635.53,20.88,3,prepaid,east,0,0
5437,19,7,358.11,1.5,6,postpaid,west,0,1
5438,69,47,931.53,0.59,4,prepaid,west,9,1
5439,20,32,932.96,57.61,4,postpaid,west,10,1
5440,43,80,302.59,25.81,0,prepaid,east,9,0
5441,42,7,465.74,50.17,5,prepaid,east,4,1
5442,49,39,786.76,58.47,7,postpaid,north,3,1
5443,46,6,660.13,49.88,6,prepaid,east,6,1
5444,42,78,826.75,12.36,6,postpaid,north,12,0
5445,19,73,877.07,45.92,4,prepaid,north,5,0
5446,33,26,630.31,19.82,1,postpaid,south,12,1
5447,57,37,402.15,35.95,5,prepaid,west,4,1
5448,46,11,899.69,24.43,6,postpaid,north,12,1
5449,23,38,609.18,15.7,3,postpaid,east,5,0
5450,60,21,499.17,53.35,7,postpaid,north,14,1
5451,42,22,327.64,46.4,6,prepaid,south,0,1
5452,48,9,512.62,14.65,6,postpaid,south,13,1
5453,42,61,125.57,42.24,0,prepaid,east,7,0
5454,31,6,841.19,22.94,4,postpaid,east,8,1
5455,39,71,676.49,40.58,2,prepaid,east,2,0
5456,44,73,525.52,20.9,2,postpaid,south,4,0
5457,38,47,99.54,39.61,3,prepaid,south,7,1
5458,36,16,985.39,43.32,4,prepaid,south,8,0
5459,53,32,225.7,57.67,5,postpaid,north,3,0
5460,37,40,245.36,16.24,4,prepaid,east,1,1
5461,32,28,925.53,24.24,7,prepaid,south,12,1
5462,68,0,309.82,28.54,7,postpaid,south,8,1
5463,52,32,390.95,10.4,4,postpaid,west,11,1
5464,48,29,693.13,13.53,0,prepaid,south,4,0
5465,21,34,417.5,39.77,0,prepaid,east,10,0
5466,53,2,445.84,5.27,1,prepaid,south,0,1
5467,20,40,591.73,59.93,4,prepaid,west,13,1
5468,24,70,324.82,16.28,1,postpaid,north,9,0
5469,65,54,907.93,33.65,3,prepaid,north,6,0
5470,62,49,188.95,4.89,1,prepaid,west,12,0
5471,43,73,903.95,42.57,1,postpaid,east,0,0
5472,58,33,925.24,19.4,5,postpaid,west,11,1
5473,24,27,779.58,58.8,1,postpaid,west,2,0
5474,20,77,193.24,55.85,0,postpaid,east,4,0
5475,60,0,578.86,12.46,2,postpaid,east,8,1
5476,36,22,576.2,35.53,3,prepaid,west,13,1
5477,39,39,715.28,35.33,6,prepaid,north,14,1
5478,65,60,735.23,47.33,0,prepaid,west,12,0
5479,55,17,957.97,48.96,0,prepaid,north,8,0
5480,69,32,151.24,7.66,7,postpaid,north,2,1
5481,47,55,135.67,30.54,7,prepaid,south,2,1
5482,54,70,355.96,31.8,1,prepaid,north,7,0
5483,35,40,439.4,22.72,1,prepaid,north,10,1
5484,55,58,215.16,43.92,0,prepaid,south,13,0
5485,50,39,824.4,16.54,6,prepaid,west,12,1
5486,60,1,386.72,28.23,7,postpaid,west,14,1
5487,32,55,832.69,50.08,5,postpaid,east,0,0
5488,25,15,958.57,13.73,0,prepaid,south,11,1
5489,47,40,701.66,36.43,5,prepaid,south,11,1
5490,62,1,513.25,24.74,5,postpaid,east,9,1
5491,53,78,100.42,12.16,2,prepaid,west,14,0
5492,18,57,395.8,42.38,6,postpaid,east,14,1
5493,50,60,384.64,52.9,3,prepaid,north,6,0
5494,38,75,450.02,15.68,1,postpaid,north,4,0
5495,22,79,287.74,12.87,4,postpaid,east,1,0
5496,23,33,107.59,29.68,0,prepaid,north,2,0
5497,28,1,857.5,26.9,6,prepaid,east,6,1
5498,19,18,798.52,50.33,0,postpaid,east,6,1
5499,36,64,197.76,30.98,5,prepaid,east,8,1
5500,49,71,245.94,50.36,1,postpaid,north,3,0
5501,68,53,846.58,35.28,0,postpaid,south,3,0
5502,43,47,318.05,15.81,2,postpaid,north,3,1
5503,47,59,950.15,11.36,1,prepaid,south,9,0
5504,53,56,914.61,51.78,6,prepaid,south,0,0
5505,65,80,619.39,38.28,7,postpaid,east,12,1
5506,26,55,996.1,31.89,0,prepaid,north,12,0
5507,31,37,864.63,0.62,2,postpaid,north,7,1
5508,67,27,240.85,36.17,1,postpaid,south,9,1
5509,57,69,179.02,58.54,0,postpaid,north,10,0
5510,51,38,196.31,49.59,0,postpaid,east,2,0
5511,63,35,131.41,7.22,6,postpaid,east,4,1
5512,44,75,219.07,19.04,6,postpaid,west,2,0
5513,68,11,643.53,29.79,2,prepaid,north,12,1
5514,39,43,152.26,38.66,5,prepaid,south,8,1
5515,68,66,489.62,28.88,4,postpaid,north,11,1
5516,19,15,424.05,22.4,4,prepaid,west,14,1
5517,27,45,528.67,32.51,3,prepaid,south,2,0
5518,55,57,654.35,36.47,5,postpaid,south,3,0
5519,66,33,518.32,24.73,3,prepaid,south,6,0
5520,27,27,494.1,13.26,3,prepaid,north,9,0
5521,23,43,917.83,50.14,1,postpaid,north,12,1
5522,54,17,646.9,35.73,5,prepaid,south,0,1
5523,50,36,926.06,13.67,4,prepaid,north,6,0
5524,33,45,325.55,46.44,5,postpaid,west,9,1
5525,43,3,636.36,41.02,1,postpaid,east,6,1
5526,53,47,605.29,10.65,6,postpaid,north,7,1
5527,37,71,717.75,47.95,6,prepaid,east,6,0
5528,33,80,832.78,21.35,4,prepaid,north,14,0
5529,28,40,602.48,48.09,1,prepaid,west,1,0
5530,52,51,176.2,37.46,7,prepaid,west,9,1
5531,22,68,294.53,0.98,4,postpaid,north,4,1
5532,53,5,728.11,54.65,7,prepaid,south,9,1
5533,47,5,818.49,57.16,4,postpaid,south,13,1
5534,45,83,926.37,36.08,6,postpaid,west,8,1
5535,45,71,842.03,26.17,6,prepaid,east,13,1
5536,37,76,520.46,45.08,7,postpaid,north,9,1
5537,58,44,333.43,48.14,3,postpaid,west,6,1
5538,43,48,981.38,59.13,2,prepaid,east,13,0
5539,59,33,740.61,28.41,1,prepaid,south,13,1
5540,20,73,912.18,51.18,4,prepaid,north,2,0
5541,32,42,746.98,51.53,5,postpaid,north,6,0
5542,50,80,492.01,14.75,2,postpaid,south,14,0
5543,61,55,870.11,12.65,0,postpaid,north,14,0
5544,24,26,571.57,2.29,3,postpaid,north,1,1
5545,38,10,123.64,23.97,4,postpaid,south,4,1
5546,18,34,279.65,48.15,6,postpaid,south,12,1
5547,26,78,538.85,52.76,5,postpaid,north,10,1
5548,19,58,105.16,57.94,3,prepaid,south,13,1
5549,38,26,770.49,9.92,5,postpaid,east,1,1
5550,43,50,229.04,36.2,6,postpaid,west,2,0
5551,26,73,595.18,14.4,4,prepaid,west,8,0
5552,18,24,794.5,16.17,5,postpaid,north,12,1
5553,21,5,897.73,3.17,5,postpaid,west,0,1
5554,44,80,318.93,13.51,1,postpaid,west,6,0
5555,33,17,450.47,17.81,4,postpaid,east,14,1
5556,58,9,239.56,30.56,7,prepaid,east,13,1
5557,31,31,303.14,11.26,5,postpaid,north,13,1
5558,53,13,246.15,56.58,0,prepaid,east,10,0
5559,39,72,519.55,23.66,3,postpaid,east,8,1
5560,66,55,489.52,13.89,0,prepaid,north,10,0
5561,18,28,115.74,53.76,1,prepaid,north,4,0
5562,22,39,855.73,24.93,1,prepaid,west,3,0
5563,54,70,680.4,38.17,3,postpaid,east,0,0
5564,41,56,883.9,31.77,6,prepaid,south,14,1
5565,26,16,996.7,17.98,0,prepaid,north,4,0
5566,69,67,409.93,3.85,2,prepaid,south,6,0
5567,21,45,158.23,5.48,5,postpaid,north,10,1
5568,18,50,442.69,30.46,4,prepaid,south,12,0
5569,33,14,476.51,30.29,2,prepaid,west,12,1
5570,51,46,962.58,42.44,7,prepaid,south,14,1
5571,28,62,466.12,52.2,5,postpaid,east,5,0
5572,56,20,423.7,57.28,4,postpaid,north,5,1
5573,54,60,892.17,12.22,6,postpaid,west,13,1
5574,20,65,598.05,8.48,6,prepaid,north,4,1
5575,44,54,377.78,19.33,2,prepaid,south,14,1
5576,29,66,916.98,8.7,3,prepaid,north,8,0
5577,41,44,622.52,4.29,1,prepaid,north,8,0
5578,53,36,504.01,56.38,3,postpaid,north,0,0
5579,25,42,973.66,20.51,2,prepaid,north,9,0
5580,46,49,104.08,52.87,0,prepaid,south,0,0
5581,57,67,510.42,35.19,1,postpaid,south,0,0
5582,59,35,581.3,38.6,3,prepaid,north,6,0
5583,63,4,629.6,43.56,1,prepaid,north,7,1
5584,29,65,119.83,55.75,6,postpaid,south,12,1
5585,40,46,792.26,51.74,2,postpaid,east,14,0
5586,27,32,487.51,42.35,7,prepaid,east,6,1
5587,56,50,669.44,25.75,3,postpaid,north,14,1
5588,26,39,102.35,22.94,1,prepaid,east,10,1
5589,33,63,414.89,40.35,4,prepaid,north,2,0
5590,42,61,903.33,7.99,4,postpaid,east,12,0
5591,52,33,904.85,18.64,3,prepaid,east,7,0
5592,47,44,593.92,2.85,3,prepaid,north,7,1
5593,60,77,366.28,17.26,3,postpaid,south,3,1
5594,19,21,617.65,29.33,4,postpaid,west,0,0
5595,18,36,396.58,7.28,1,prepaid,north,12,1
5596,32,45,507.89,8.48,2,prepaid,west,4,0
5597,66,43,653.94,57.48,3,postpaid,north,0,0
5598,47,7,664.42,47.78,7,prepaid,north,11,1
5599,44,47,479.01,32.04,4,prepaid,north,10,1
5600,37,4,210.92,59.54,5,prepaid,south,10,1
5601,55,58,856.01,54.95,2,prepaid,south,1,0
5602,19,75,851.13,49.89,3,prepaid,north,6,0
5603,26,45,865.12,21.1,5,postpaid,north,6,1
5604,24,1,769.3,16.99,4,prepaid,south,12,1
5605,55,41,792.42,42.66,1,prepaid,east,6,0
5606,46,10,918.87,36.29,1,prepaid,west,10,0
5607,29,25,452.36,20.2,7,postpaid,south,14,1
5608,63,56,461.01,22.15,2,postpaid,west,8,0
5609,67,22,428.83,52.57,3,postpaid,north,10,1
5610,68,16,591.38,58.03,0,prepaid,north,9,1
5611,39,64,413.02,43.92,3,prepaid,west,1,0
5612,42,42,501.69,51.04,0,prepaid,east,12,0
5613,40,82,980.23,12.29,2,prepaid,east,6,0
5614,51,21,405.32,16.81,7,postpaid,east,0,1
5615,21,39,519.89,14.66,3,postpaid,south,2,1
5616,22,66,982.47,5.59,5,prepaid,west,11,0
5617,67,70,424.24,53.92,7,postpaid,north,12,1
5618,63,1,599.78,43.76,3,prepaid,east,7,1
5619,25,56,967.64,29.67,1,prepaid,north,10,0
5620,35,12,425.27,57.44,4,prepaid,south,12,1
5621,60,27,149.96,7.15,7,postpaid,east,8,1
5622,54,76,491.9,36.73,0,prepaid,east,3,0
5623,25,37,622.84,45.67,0,postpaid,south,8,0
5624,27,73,780.8,7.35,2,prepaid,north,3,0
5625,19,17,759.72,43.21,4,prepaid,south,4,0
5626,25,62,149.82,21.29,3,prepaid,north,8,0
5627,66,61,183.25,50.33,5,prepaid,east,2,0
5628,56,14,180.64,31.02,7,prepaid,south,5,1
5629,20,83,621.37,9.49,0,prepaid,south,2,0
5630,46,28,940.13,29.03,3,prepaid,west,1,0
5631,49,7,194.67,11.16,5,prepaid,south,2,1
5632,69,50,338.26,51.77,5,prepaid,north,6,0
5633,69,54,203.68,59.1,5,postpaid,west,11,1
5634,21,27,185.37,1.76,5,postpaid,north,11,1
5635,60,47,295.72,51.16,1,postpaid,north,3,0
5636,42,64,996.16,23.73,3,postpaid,north,11,0
5637,25,42,292.88,24.29,3,prepaid,east,14,1
5638,64,21,180.45,57.32,1,prepaid,west,9,0
5639,27,73,397.42,58.42,5,postpaid,west,2,1
5640,52,41,589.45,17.4,7,prepaid,north,9,1
5641,30,22,293.15,40.62,7,prepaid,east,0,1
5642,23,73,627.17,54.39,6,postpaid,east,0,0
5643,56,38,135.28,8.69,6,prepaid,south,1,1
5644,27,41,117.51,23.12,0,prepaid,south,10,0
5645,32,15,686.9,50.23,1,postpaid,north,9,0
5646,32,23,961.52,51.83,3,prepaid,north,3,0
5647,58,55,659.98,58.31,5,postpaid,south,0,1
5648,40,44,545.01,22.1,2,prepaid,east,0,0
5649,38,3,583.6,20.83,2,postpaid,west,6,1
5650,19,46,360.99,14.65,1,postpaid,east,13,1
5651,46,3,653.6,27.51,4,prepaid,north,1,1
5652,50,33,561.84,24.95,7,prepaid,west,10,1
5653,52,45,526.29,12.11,1,prepaid,north,11,0
5654,64,62,887.03,33.67,5,postpaid,south,6,0
5655,21,21,716.29,7.73,3,postpaid,north,2,1
5656,48,60,831.47,8.37,2,postpaid,south,10,0
5657,42,24,254.42,59.02,0,prepaid,south,11,1
5658,20,18,829.51,32.42,4,postpaid,south,14,1
5659,42,60,941.86,43.13,6,postpaid,south,10,0
5660,35,0,899.02,43.0,3,postpaid,north,5,1
5661,34,59,288.8,55.88,7,postpaid,south,5,1
5662,23,46,272.24,20.28,4,prepaid,south,6,0
5663,62,25,535.83,22.29,3,prepaid,east,6,1
5664,36,7,812.86,19.85,4,prepaid,east,5,1
5665,38,23,106.68,5.13,1,prepaid,west,7,1
5666,20,45,270.2,57.17,0,prepaid,north,3,0
5667,31,78,103.52,55.73,5,postpaid,east,13,1
5668,25,52,259.62,44.44,5,prepaid,west,3,0
5669,57,19,569.51,55.46,5,prepaid,south,1,0
5670,24,4,688.15,13.13,3,postpaid,east,14,1
5671,50,47,574.91,47.14,1,prepaid,east,1,0
5672,66,6,892.29,24.56,4,prepaid,east,4,1
5673,31,62,823.63,49.77,3,postpaid,east,14,1
5674,41,79,807.96,38.57,4,postpaid,south,4,0
5675,50,6,474.59,56.36,7,prepaid,north,13,1
5676,65,31,936.27,34.55,6,prepaid,west,1,0
5677,42,61,983.96,26.86,6,prepaid,west,4,1
5678,52,59,649.71,27.28,1,prepaid,north,9,1
5679,48,7,377.07,0.94,6,prepaid,east,9,1
5680,26,8,926.28,7.5,5,postpaid,west,7,1
5681,56,31,178.22,35.49,6,prepaid,west,6,1
5682,60,1,761.22,57.42,1,postpaid,east,12,1
5683,64,78,577.39,53.25,6,postpaid,north,9,0
5684,44,17,267.63,56.61,3,postpaid,south,12,1
5685,31,66,656.62,59.78,1,prepaid,west,14,0
5686,19,77,873.5,23.31,5,postpaid,north,11,0
5687,62,8,448.74,21.89,3,prepaid,east,11,1
5688,41,61,848.17,19.78,7,prepaid,north,2,1
5689,45,11,959.47,28.11,2,postpaid,west,6,0
5690,42,9,187.28,11.68,0,postpaid,north,12,1
5691,38,23,551.41,42.97,6,postpaid,south,7,0
5692,59,67,302.14,57.67,7,prepaid,north,3,1
5693,36,14,519.04,14.28,4,prepaid,north,10,1
5694,65,73,406.89,31.85,1,postpaid,south,14,0
5695,47,19,504.34,10.09,0,postpaid,south,11,1
5696,36,51,132.76,56.07,1,postpaid,north,3,0
5697,45,55,737.43,36.23,7,postpaid,west,10,1
5698,42,82,136.63,34.91,4,prepaid,west,4,0
5699,60,81,757.31,26.03,2,prepaid,west,10,0
5700,49,65,396.07,2.55,7,postpaid,west,10,1
5701,22,64,857.63,57.57,3,prepaid,north,0,0
5702,33,2,901.19,9.01,1,prepaid,east,4,0
5703,60,12,543.81,35.99,2,postpaid,west,11,1
5704,58,8,307.53,16.43,2,prepaid,north,10,1
5705,53,15,373.93,43.82,6,prepaid,north,1,1
5706,29,48,558.43,50.12,5,postpaid,north,13,1
5707,68,78,393.3,25.76,2,postpaid,east,8,0
5708,62,9,574.7,59.55,7,prepaid,west,11,1
5709,24,0,578.02,46.55,3,prepaid,south,9,1
5710,68,81,283.14,58.29,6,prepaid,east,9,0
5711,20,28,254.08,19.93,7,prepaid,east,11,1
5712,64,56,638.06,18.97,0,prepaid,south,14,0
5713,57,80,291.13,11.96,1,prepaid,west,9,0
5714,19,38,858.93,54.77,1,postpaid,south,10,1
5715,24,29,398.37,19.16,0,prepaid,west,3,0
5716,34,61,442.31,1.26,2,postpaid,north,6,0
5717,41,39,713.71,46.9,4,prepaid,north,1,0
5718,27,68,608.38,12.14,1,postpaid,east,14,0
5719,42,9,444.99,45.9,6,postpaid,east,10,1
5720,26,45,641.38,37.11,6,postpaid,east,5,0
5721,69,12,245.36,7.7,4,postpaid,east,12,1
5722,69,44,172.73,45.14,6,prepaid,north,1,1
5723,60,48,315.18,48.86,1,prepaid,south,0,0
5724,41,81,774.91,53.88,6,prepaid,south,2,0
5725,41,15,103.87,43.08,0,postpaid,south,8,1
5726,56,62,897.78,10.05,6,postpaid,east,6,1
5727,59,69,607.77,41.37,5,postpaid,south,10,0
5728,24,14,861.71,35.43,6,prepaid,north,14,1
5729,55,51,161.65,52.23,1,prepaid,west,8,0
5730,37,66,458.2,54.11,3,prepaid,west,10,0
5731,27,81,669.2,10.23,0,postpaid,west,7,0
5732,42,45,329.12,29.42,5,postpaid,east,14,1
5733,31,18,549.43,33.7,6,postpaid,south,6,1
5734,23,43,762.91,40.56,6,postpaid,south,10,0
5735,62,34,625.07,36.36,6,prepaid,south,11,1
5736,23,2,903.06,25.52,0,postpaid,north,0,0
5737,69,11,846.46,49.78,2,prepaid,west,8,0
5738,57,21,983.83,17.08,2,prepaid,south,9,0
5739,61,72,125.03,22.68,3,prepaid,west,5,0
5740,38,51,151.43,20.65,4,postpaid,north,2,1
5741,54,34,973.89,11.56,3,prepaid,north,5,1
5742,51,33,674.79,11.24,5,prepaid,south,8,1
5743,52,75,341.73,59.49,2,prepaid,north,5,0
5744,39,37,890.75,27.06,1,postpaid,north,12,0
5745,60,21,692.4,34.03,1,postpaid,north,9,1
5746,51,81,405.19,57.4,0,prepaid,east,3,0
5747,19,38,422.92,35.48,5,postpaid,west,9,1
5748,42,0,367.73,51.83,2,postpaid,south,6,1
5749,22,15,481.17,36.78,0,postpaid,east,10,1
5750,46,53,107.44,49.0,3,prepaid,south,10,0
5751,34,30,143.72,53.54,3,postpaid,east,4,0
5752,43,32,769.64,59.32,6,prepaid,north,10,1
5753,69,1,880.8,29.75,5,postpaid,east,0,1
5754,33,54,205.13,27.9,0,prepaid,south,5,0
5755,65,30,977.16,42.79,5,prepaid,south,9,1
5756,33,1,662.68,18.9,4,prepaid,west,8,1
5757,31,4,119.99,25.81,6,postpaid,east,6,1
5758,32,2,741.57,10.98,2,prepaid,south,0,0
5759,64,24,990.13,9.51,1,prepaid,east,6,1
5760,60,57,147.91,21.43,2,prepaid,north,1,0
5761,20,3,110.18,40.24,1,prepaid,west,3,1
5762,34,9,771.73,33.47,6,prepaid,north,1,1
5763,31,46,608.21,8.6,1,prepaid,west,0,0
5764,66,79,919.16,5.54,2,prepaid,east,7,0
5765,48,4,682.98,33.54,1,prepaid,north,13,1
5766,62,27,954.66,27.53,6,postpaid,south,1,1
5767,59,62,301.55,59.84,5,prepaid,north,8,1
5768,47,78,155.06,6.52,0,prepaid,east,7,0
5769,64,5,798.73,2.77,4,prepaid,west,2,1
5770,54,0,368.36,36.36,2,postpaid,west,4,0
5771,24,36,380.77,47.5,1,prepaid,north,14,1
5772,20,21,788.95,42.54,2,prepaid,north,2,0
5773,29,27,223.87,2.85,3,postpaid,west,1,1
5774,47,37,409.15,35.44,2,prepaid,east,1,0
5775,41,52,149.02,58.17,4,postpaid,west,5,1
5776,66,56,173.47,54.34,1,postpaid,north,0,0
5777,61,42,242.44,40.76,6,prepaid,east,3,1
5778,44,13,519.56,40.09,6,prepaid,south,5,1
5779,54,37,157.39,51.82,3,prepaid,east,4,0
5780,24,13,328.05,13.24,3,prepaid,west,8,1
5781,68,81,802.04,34.63,7,postpaid,south,5,0
5782,27,83,917.2,16.29,7,prepaid,west,4,0
5783,50,4,151.28,21.21,4,postpaid,east,3,1
5784,27,80,124.94,41.45,7,postpaid,east,6,1
5785,35,59,458.48,5.16,1,prepaid,east,9,0
5786,59,20,128.09,5.98,0,prepaid,east,5,1
5787,40,11,883.58,15.11,5,prepaid,south,14,1
5788,31,31,727.55,54.09,5,prepaid,west,7,0
5789,65,14,142.24,33.89,4,prepaid,west,4,1
5790,24,58,979.96,40.38,7,postpaid,east,11,0
5791,60,62,583.8,26.73,0,prepaid,west,12,0
5792,53,13,957.94,21.88,7,postpaid,west,7,1
5793,39,62,454.52,35.55,2,prepaid,south,4,0
5794,32,17,438.36,35.25,3,prepaid,west,6,1
5795,24,48,140.2,47.08,6,postpaid,west,5,1
5796,54,26,946.27,30.87,7,prepaid,west,5,1
5797,25,6,264.08,39.78,7,postpaid,south,6,1
5798,33,46,306.66,22.49,4,postpaid,west,7,1
5799,33,4,857.84,42.6,0,prepaid,north,3,0
5800,43,34,327.27,3.71,0,postpaid,south,8,0
5801,51,60,812.05,16.01,4,prepaid,north,9,0
5802,46,54,829.94,17.32,3,prepaid,south,13,0
5803,28,75,704.19,40.17,0,postpaid,east,6,0
5804,59,71,726.87,19.69,5,prepaid,south,10,1
5805,24,20,166.93,19.65,5,postpaid,east,4,1
5806,62,41,767.0,12.82,2,prepaid,east,12,0
5807,24,76,650.03,46.81,1,prepaid,north,0,0
5808,41,50,687.67,27.22,2,postpaid,north,11,0
5809,69,6,241.01,19.08,5,postpaid,north,14,1
5810,32,61,394.96,29.25,7,prepaid,south,8,1
5811,37,59,169.95,25.79,1,postpaid,north,8,0
5812,23,27,494.44,13.62,7,postpaid,west,0,1
5813,57,43,941.27,6.5,5,postpaid,south,6,1
5814,58,14,951.67,59.47,7,postpaid,south,5,1
5815,54,53,607.92,25.76,0,prepaid,west,2,0
5816,37,51,623.1,35.0,1,prepaid,north,4,0
5817,40,54,348.75,27.37,4,postpaid,east,9,1
5818,31,10,637.24,10.12,3,postpaid,north,0,1
5819,58,48,281.49,1.09,7,prepaid,east,7,1
5820,50,14,362.56,58.76,2,prepaid,north,8,1
5821,22,41,387.57,11.78,5,prepaid,north,3,0
5822,19,29,666.68,4.16,5,prepaid,west,2,0
5823,47,52,546.73,35.41,6,prepaid,south,10,1
5824,54,73,863.1,39.98,4,prepaid,east,12,0
5825,48,67,212.71,23.06,7,prepaid,west,4,1
5826,41,57,461.34,3.35,5,prepaid,south,13,1
5827,34,10,954.26,39.61,7,postpaid,west,5,1
5828,69,22,203.72,54.94,0,prepaid,north,13,1
5829,42,32,678.08,8.1,3,postpaid,west,8,1
5830,49,59,348.56,40.69,6,postpaid,south,14,1
5831,57,12,384.31,19.42,4,postpaid,west,0,1
5832,19,47,662.3,16.6,0,prepaid,west,3,0
5833,20,12,409.24,48.58,3,prepaid,east,11,1
5834,30,0,602.14,20.89,4,postpaid,west,12,1
5835,18,0,633.39,9.43,7,postpaid,north,13,1
5836,49,83,102.81,0.88,2,prepaid,east,11,1
5837,19,61,123.21,27.24,6,prepaid,east,9,0
5838,22,7,712.85,21.31,5,prepaid,north,11,1
5839,52,37,441.07,0.79,3,prepaid,north,14,1
5840,35,82,696.99,42.45,2,postpaid,south,9,0
5841,54,45,501.53,13.34,3,postpaid,south,2,0
5842,59,69,349.03,42.42,2,postpaid,north,6,0
5843,27,12,213.21,31.64,5,prepaid,east,3,1
5844,41,11,389.28,7.03,6,prepaid,south,6,1
5845,63,60,663.3,31.03,0,prepaid,west,0,0
5846,60,3,646.53,48.49,2,prepaid,south,6,1
5847,62,40,594.53,25.79,5,postpaid,south,7,1
5848,51,12,864.18,46.07,1,prepaid,west,8,0
5849,66,30,925.42,9.57,6,postpaid,east,10,1
5850,39,21,105.13,17.37,4,postpaid,east,8,1
5851,40,3,604.74,22.43,1,prepaid,west,11,1
5852,47,54,573.93,49.88,6,prepaid,north,4,0
5853,62,74,598.79,58.32,6,postpaid,south,8,1
5854,50,44,863.25,35.69,6,prepaid,north,8,1
5855,31,10,598.73,41.77,7,postpaid,north,0,1
5856,46,80,549.86,44.42,1,prepaid,east,7,0
5857,31,7,660.56,38.94,6,prepaid,west,2,1
5858,57,38,505.38,38.84,0,prepaid,north,12,0
5859,59,3,621.81,7.88,2,prepaid,south,12,1
5860,60,9,440.66,29.77,6,prepaid,south,1,1
5861,41,37,268.38,56.51,7,prepaid,south,9,1
5862,52,14,669.77,57.92,2,prepaid,south,13,1
5863,31,54,856.72,5.95,3,prepaid,north,3,0
5864,67,1,407.66,52.76,3,prepaid,south,0,0
5865,56,81,411.15,38.12,2,postpaid,west,4,0
5866,68,58,863.17,41.23,2,prepaid,south,3,0
5867,35,26,484.83,57.9,2,prepaid,east,2,0
5868,42,17,194.11,17.92,1,postpaid,north,1,1
5869,58,7,572.65,9.85,1,prepaid,south,3,0
5870,66,14,571.94,7.62,0,postpaid,east,7,0
5871,18,70,731.57,30.55,7,prepaid,north,2,0
5872,28,40,684.74,12.0,3,postpaid,south,14,1
5873,47,38,658.6,16.14,7,prepaid,east,4,0
5874,36,5,915.21,52.81,7,prepaid,east,10,1
5875,53,8,617.55,11.16,1,prepaid,west,1,1
5876,28,11,350.33,59.57,1,prepaid,east,3,0
5877,39,25,621.91,44.11,2,prepaid,south,4,1
5878,60,51,432.35,28.5,3,prepaid,north,11,0
5879,52,33,495.39,26.29,2,prepaid,west,5,1
5880,53,65,256.4,22.66,2,prepaid,east,10,0
5881,68,40,530.57,3.85,3,prepaid,east,13,1
5882,28,83,584.44,43.12,1,prepaid,east,4,0
5883,27,74,908.79,39.14,5,prepaid,south,3,0
5884,33,78,841.1,2.56,5,postpaid,north,7,1
5885,55,4,211.32,16.24,3,prepaid,south,13,1
5886,32,40,680.14,37.1,7,prepaid,north,2,1
5887,41,55,963.72,51.01,2,prepaid,south,8,0
5888,37,0,482.0,9.62,1,postpaid,east,2,1
5889,21,44,417.69,44.49,2,prepaid,south,3,0
5890,54,62,835.73,40.73,5,prepaid,east,6,0
5891,51,19,952.22,43.11,6,postpaid,west,7,1
5892,57,78,909.13,37.02,5,postpaid,east,0,0
5893,48,58,130.17,35.23,0,postpaid,north,0,0
5894,40,72,187.78,25.26,6,postpaid,east,13,0
5895,52,71,172.84,26.99,6,postpaid,north,11,1
5896,60,73,885.29,3.5,2,prepaid,north,11,0
5897,21,41,311.31,48.12,2,prepaid,south,13,0
5898,44,79,986.49,31.08,1,prepaid,east,6,0
5899,20,78,528.71,25.88,2,prepaid,east,0,0
5900,63,49,328.32,14.11,1,prepaid,south,13,1
5901,22,48,859.24,15.9,5,postpaid,east,5,1
5902,58,30,138.25,48.67,0,prepaid,west,1,0
5903,18,59,130.05,22.7,5,postpaid,north,6,1
5904,51,54,778.5,28.26,0,prepaid,north,6,0
5905,42,46,845.24,47.22,5,postpaid,east,6,1
5906,28,46,649.1,55.89,4,postpaid,north,7,1
5907,68,7,407.46,22.3,5,postpaid,west,14,1
5908,48,28,760.29,3.14,7,prepaid,south,6,1
5909,55,52,252.48,41.29,2,prepaid,east,5,0
5910,33,66,535.13,12.96,7,prepaid,south,10,1
5911,40,26,874.12,19.97,1,prepaid,north,7,1
5912,67,81,230.76,6.01,5,postpaid,west,4,0
5913,33,2,322.48,55.66,0,prepaid,west,10,0
5914,55,31,650.18,28.3,3,prepaid,north,9,1
5915,51,31,705.99,46.23,2,postpaid,west,7,1
5916,23,27,314.53,20.93,7,prepaid,north,7,1
5917,47,21,169.48,10.4,3,postpaid,north,3,1
5918,25,25,380.41,28.41,0,prepaid,south,10,1
5919,22,48,390.39,30.53,6,prepaid,north,14,0
5920,21,50,824.09,53.41,5,prepaid,south,1,0
5921,62,14,870.36,22.36,2,postpaid,west,4,1
5922,62,37,283.11,33.65,4,prepaid,east,10,1
5923,58,42,227.02,49.26,6,postpaid,south,7,1
5924,69,68,890.36,41.6,4,postpaid,north,8,1
5925,45,36,295.88,56.33,5,prepaid,west,11,1
5926,49,32,939.79,11.72,4,prepaid,south,13,1
5927,44,11,164.75,13.99,7,postpaid,south,8,1
5928,62,60,490.61,43.98,5,postpaid,north,2,1
5929,45,73,149.11,47.58,0,prepaid,south,12,0
5930,31,30,639.18,57.12,1,prepaid,north,8,0
5931,28,30,787.32,46.98,6,prepaid,east,7,1
5932,41,60,710.3,12.75,0,prepaid,south,7,0
5933,33,62,656.21,47.7,6,prepaid,east,0,0
5934,53,34,207.26,39.12,0,prepaid,east,11,0
5935,51,60,633.33,13.1,3,prepaid,north,8,0
5936,32,61,611.84,40.33,2,postpaid,south,2,0
5937,19,4,458.05,17.39,1,prepaid,east,4,1
5938,52,17,156.3,27.92,3,prepaid,east,4,0
5939,35,78,982.72,37.77,3,prepaid,north,8,1
5940,25,15,742.48,1.92,1,prepaid,north,13,1
5941,66,40,704.07,1.22,5,prepaid,north,14,1
5942,25,34,435.33,56.27,4,prepaid,west,14,1
5943,56,2,289.35,41.74,0,prepaid,west,8,1
5944,45,2,362.83,9.39,2,prepaid,east,8,1
5945,51,5,570.61,45.74,6,prepaid,east,9,1
5946,32,37,372.98,53.16,5,prepaid,west,12,1
5947,54,48,759.16,30.89,0,prepaid,west,13,0
5948,66,4,897.85,38.18,3,postpaid,south,13,1
5949,39,80,658.16,17.59,3,postpaid,west,13,1
5950,45,80,313.28,7.29,4,prepaid,north,9,0
5951,50,48,798.35,33.25,3,postpaid,north,14,0
5952,52,5,342.45,36.98,7,prepaid,west,0,1
5953,63,76,427.65,23.66,0,postpaid,west,0,0
5954,24,46,472.13,35.85,1,prepaid,east,1,0
5955,54,27,874.21,13.98,2,prepaid,south,4,0
5956,47,0,641.19,39.07,1,prepaid,east,5,0
5957,32,22,778.11,14.17,3,postpaid,west,10,1
5958,46,35,651.14,53.55,5,prepaid,south,8,0
5959,38,80,919.36,23.87,2,prepaid,south,6,0
5960,47,4,506.38,37.45,6,prepaid,south,0,1
5961,31,6,218.23,38.92,1,prepaid,west,4,1
5962,23,4,204.09,13.64,2,prepaid,north,3,1
5963,38,69,420.27,47.95,5,prepaid,east,2,0
5964,34,48,402.84,51.93,2,postpaid,west,7,0
5965,44,54,711.39,48.14,0,prepaid,north,13,0
5966,30,69,477.97,25.82,6,postpaid,west,14,1
5967,41,22,600.18,29.08,7,prepaid,south,10,1
5968,50,78,736.92,58.9,7,postpaid,north,7,0
5969,20,47,195.94,19.34,7,prepaid,north,8,1
5970,43,23,488.37,20.34,3,prepaid,west,0,0
5971,39,73,910.22,22.73,6,postpaid,west,7,1
5972,39,53,562.52,17.05,4,postpaid,west,10,1
5973,29,7,641.93,14.26,4,postpaid,south,1,1
5974,37,0,268.98,48.1,0,prepaid,south,9,0
5975,38,4,944.21,28.35,2,prepaid,north,5,1
5976,35,12,923.85,39.49,6,postpaid,east,10,1
5977,45,33,755.15,41.97,3,postpaid,east,11,1
5978,28,21,221.22,18.26,0,prepaid,north,11,1
5979,21,78,243.64,25.61,7,prepaid,south,7,0
5980,39,27,189.07,28.0,7,prepaid,south,5,1
5981,18,4,174.54,16.66,3,postpaid,south,6,1
5982,34,48,540.85,41.8,6,postpaid,east,8,1
5983,37,37,703.14,39.1,6,postpaid,south,14,1
5984,24,5,724.54,15.48,1,prepaid,east,2,1
5985,28,72,875.2,13.2,7,postpaid,east,4,0
5986,30,60,154.25,39.11,4,prepaid,north,3,0
5987,63,41,774.5,36.5,3,prepaid,west,1,0
5988,53,42,533.61,10.47,4,postpaid,south,6,1
5989,39,43,562.87,12.64,4,prepaid,west,8,0
5990,68,76,358.27,45.83,6,prepaid,east,0,0
5991,41,71,880.46,59.97,2,prepaid,north,1,0
5992,25,15,598.98,22.88,4,prepaid,west,7,1
5993,41,26,774.01,42.39,5,prepaid,south,6,0
5994,51,62,712.81,10.51,7,prepaid,east,0,0
5995,27,10,594.74,8.5,0,prepaid,south,14,1
5996,64,71,281.06,6.08,2,postpaid,east,1,0
5997,44,61,211.85,0.69,3,prepaid,east,1,0
5998,67,62,516.98,26.18,0,prepaid,east,2,0
5999,54,7,721.11,26.23,4,prepaid,north,8,1
6000,30,28,474.93,32.0,4,postpaid,south,9,1
